Token	POS-Tag	OOV	Id	Index	Granularidade	Documento
gatilho	NOUN	1	1	0	0	gatilho c a praca sete amg so os assaltos
c	PUNCT	0	1	1	0	gatilho c a praca sete amg so os assaltos
a	DET	0	1	2	0	gatilho c a praca sete amg so os assaltos
praca	NOUN	1	1	3	0	gatilho c a praca sete amg so os assaltos
sete	NUM	0	1	4	0	gatilho c a praca sete amg so os assaltos
amg	PROPN	1	1	5	0	gatilho c a praca sete amg so os assaltos
so	PROPN	0	1	6	0	gatilho c a praca sete amg so os assaltos
os	DET	0	1	7	0	gatilho c a praca sete amg so os assaltos
assaltos	NOUN	1	1	8	0	gatilho c a praca sete amg so os assaltos
0	['NOUN', 'PUNCT', 'DET', 'NOUN', 'NUM', 'PROPN', 'PROPN', 'DET', 'NOUN']	[1, 0, 0, 1, 0, 1, 0, 0, 1]	1	0	1	gatilho c a praca sete amg so os assaltos
na	ADP	0	2	0	0	na rodoviaria de sp nao aguardem proximo ao portao de embarque quase fui assaltada em marco pq n tinha essa maldade inves de ficar na praca de alimentacao la nao tem controle de quem vai embarcar ou nao so vao para o acesso de embarque uns 15 min que ja tera fila
rodoviaria	PROPN	1	2	1	0	na rodoviaria de sp nao aguardem proximo ao portao de embarque quase fui assaltada em marco pq n tinha essa maldade inves de ficar na praca de alimentacao la nao tem controle de quem vai embarcar ou nao so vao para o acesso de embarque uns 15 min que ja tera fila
de	ADP	0	2	2	0	na rodoviaria de sp nao aguardem proximo ao portao de embarque quase fui assaltada em marco pq n tinha essa maldade inves de ficar na praca de alimentacao la nao tem controle de quem vai embarcar ou nao so vao para o acesso de embarque uns 15 min que ja tera fila
sp	PROPN	1	2	3	0	na rodoviaria de sp nao aguardem proximo ao portao de embarque quase fui assaltada em marco pq n tinha essa maldade inves de ficar na praca de alimentacao la nao tem controle de quem vai embarcar ou nao so vao para o acesso de embarque uns 15 min que ja tera fila
nao	PROPN	1	2	4	0	na rodoviaria de sp nao aguardem proximo ao portao de embarque quase fui assaltada em marco pq n tinha essa maldade inves de ficar na praca de alimentacao la nao tem controle de quem vai embarcar ou nao so vao para o acesso de embarque uns 15 min que ja tera fila
aguardem	VERB	1	2	5	0	na rodoviaria de sp nao aguardem proximo ao portao de embarque quase fui assaltada em marco pq n tinha essa maldade inves de ficar na praca de alimentacao la nao tem controle de quem vai embarcar ou nao so vao para o acesso de embarque uns 15 min que ja tera fila
proximo	ADJ	1	2	6	0	na rodoviaria de sp nao aguardem proximo ao portao de embarque quase fui assaltada em marco pq n tinha essa maldade inves de ficar na praca de alimentacao la nao tem controle de quem vai embarcar ou nao so vao para o acesso de embarque uns 15 min que ja tera fila
ao	ADP	0	2	7	0	na rodoviaria de sp nao aguardem proximo ao portao de embarque quase fui assaltada em marco pq n tinha essa maldade inves de ficar na praca de alimentacao la nao tem controle de quem vai embarcar ou nao so vao para o acesso de embarque uns 15 min que ja tera fila
portao	NOUN	1	2	8	0	na rodoviaria de sp nao aguardem proximo ao portao de embarque quase fui assaltada em marco pq n tinha essa maldade inves de ficar na praca de alimentacao la nao tem controle de quem vai embarcar ou nao so vao para o acesso de embarque uns 15 min que ja tera fila
de	ADP	0	2	9	0	na rodoviaria de sp nao aguardem proximo ao portao de embarque quase fui assaltada em marco pq n tinha essa maldade inves de ficar na praca de alimentacao la nao tem controle de quem vai embarcar ou nao so vao para o acesso de embarque uns 15 min que ja tera fila
embarque	NOUN	1	2	10	0	na rodoviaria de sp nao aguardem proximo ao portao de embarque quase fui assaltada em marco pq n tinha essa maldade inves de ficar na praca de alimentacao la nao tem controle de quem vai embarcar ou nao so vao para o acesso de embarque uns 15 min que ja tera fila
quase	ADV	0	2	11	0	na rodoviaria de sp nao aguardem proximo ao portao de embarque quase fui assaltada em marco pq n tinha essa maldade inves de ficar na praca de alimentacao la nao tem controle de quem vai embarcar ou nao so vao para o acesso de embarque uns 15 min que ja tera fila
fui	AUX	1	2	12	0	na rodoviaria de sp nao aguardem proximo ao portao de embarque quase fui assaltada em marco pq n tinha essa maldade inves de ficar na praca de alimentacao la nao tem controle de quem vai embarcar ou nao so vao para o acesso de embarque uns 15 min que ja tera fila
assaltada	VERB	1	2	13	0	na rodoviaria de sp nao aguardem proximo ao portao de embarque quase fui assaltada em marco pq n tinha essa maldade inves de ficar na praca de alimentacao la nao tem controle de quem vai embarcar ou nao so vao para o acesso de embarque uns 15 min que ja tera fila
em	ADP	0	2	14	0	na rodoviaria de sp nao aguardem proximo ao portao de embarque quase fui assaltada em marco pq n tinha essa maldade inves de ficar na praca de alimentacao la nao tem controle de quem vai embarcar ou nao so vao para o acesso de embarque uns 15 min que ja tera fila
marco	NOUN	0	2	15	0	na rodoviaria de sp nao aguardem proximo ao portao de embarque quase fui assaltada em marco pq n tinha essa maldade inves de ficar na praca de alimentacao la nao tem controle de quem vai embarcar ou nao so vao para o acesso de embarque uns 15 min que ja tera fila
pq	CCONJ	1	2	16	0	na rodoviaria de sp nao aguardem proximo ao portao de embarque quase fui assaltada em marco pq n tinha essa maldade inves de ficar na praca de alimentacao la nao tem controle de quem vai embarcar ou nao so vao para o acesso de embarque uns 15 min que ja tera fila
n	PROPN	0	2	17	0	na rodoviaria de sp nao aguardem proximo ao portao de embarque quase fui assaltada em marco pq n tinha essa maldade inves de ficar na praca de alimentacao la nao tem controle de quem vai embarcar ou nao so vao para o acesso de embarque uns 15 min que ja tera fila
tinha	VERB	0	2	18	0	na rodoviaria de sp nao aguardem proximo ao portao de embarque quase fui assaltada em marco pq n tinha essa maldade inves de ficar na praca de alimentacao la nao tem controle de quem vai embarcar ou nao so vao para o acesso de embarque uns 15 min que ja tera fila
essa	DET	0	2	19	0	na rodoviaria de sp nao aguardem proximo ao portao de embarque quase fui assaltada em marco pq n tinha essa maldade inves de ficar na praca de alimentacao la nao tem controle de quem vai embarcar ou nao so vao para o acesso de embarque uns 15 min que ja tera fila
maldade	NOUN	1	2	20	0	na rodoviaria de sp nao aguardem proximo ao portao de embarque quase fui assaltada em marco pq n tinha essa maldade inves de ficar na praca de alimentacao la nao tem controle de quem vai embarcar ou nao so vao para o acesso de embarque uns 15 min que ja tera fila
inves	VERB	0	2	21	0	na rodoviaria de sp nao aguardem proximo ao portao de embarque quase fui assaltada em marco pq n tinha essa maldade inves de ficar na praca de alimentacao la nao tem controle de quem vai embarcar ou nao so vao para o acesso de embarque uns 15 min que ja tera fila
de	SCONJ	0	2	22	0	na rodoviaria de sp nao aguardem proximo ao portao de embarque quase fui assaltada em marco pq n tinha essa maldade inves de ficar na praca de alimentacao la nao tem controle de quem vai embarcar ou nao so vao para o acesso de embarque uns 15 min que ja tera fila
ficar	VERB	0	2	23	0	na rodoviaria de sp nao aguardem proximo ao portao de embarque quase fui assaltada em marco pq n tinha essa maldade inves de ficar na praca de alimentacao la nao tem controle de quem vai embarcar ou nao so vao para o acesso de embarque uns 15 min que ja tera fila
na	ADP	0	2	24	0	na rodoviaria de sp nao aguardem proximo ao portao de embarque quase fui assaltada em marco pq n tinha essa maldade inves de ficar na praca de alimentacao la nao tem controle de quem vai embarcar ou nao so vao para o acesso de embarque uns 15 min que ja tera fila
praca	NOUN	1	2	25	0	na rodoviaria de sp nao aguardem proximo ao portao de embarque quase fui assaltada em marco pq n tinha essa maldade inves de ficar na praca de alimentacao la nao tem controle de quem vai embarcar ou nao so vao para o acesso de embarque uns 15 min que ja tera fila
de	ADP	0	2	26	0	na rodoviaria de sp nao aguardem proximo ao portao de embarque quase fui assaltada em marco pq n tinha essa maldade inves de ficar na praca de alimentacao la nao tem controle de quem vai embarcar ou nao so vao para o acesso de embarque uns 15 min que ja tera fila
alimentacao	NOUN	1	2	27	0	na rodoviaria de sp nao aguardem proximo ao portao de embarque quase fui assaltada em marco pq n tinha essa maldade inves de ficar na praca de alimentacao la nao tem controle de quem vai embarcar ou nao so vao para o acesso de embarque uns 15 min que ja tera fila
la	PROPN	0	2	28	0	na rodoviaria de sp nao aguardem proximo ao portao de embarque quase fui assaltada em marco pq n tinha essa maldade inves de ficar na praca de alimentacao la nao tem controle de quem vai embarcar ou nao so vao para o acesso de embarque uns 15 min que ja tera fila
nao	PROPN	1	2	29	0	na rodoviaria de sp nao aguardem proximo ao portao de embarque quase fui assaltada em marco pq n tinha essa maldade inves de ficar na praca de alimentacao la nao tem controle de quem vai embarcar ou nao so vao para o acesso de embarque uns 15 min que ja tera fila
tem	VERB	0	2	30	0	na rodoviaria de sp nao aguardem proximo ao portao de embarque quase fui assaltada em marco pq n tinha essa maldade inves de ficar na praca de alimentacao la nao tem controle de quem vai embarcar ou nao so vao para o acesso de embarque uns 15 min que ja tera fila
controle	NOUN	0	2	31	0	na rodoviaria de sp nao aguardem proximo ao portao de embarque quase fui assaltada em marco pq n tinha essa maldade inves de ficar na praca de alimentacao la nao tem controle de quem vai embarcar ou nao so vao para o acesso de embarque uns 15 min que ja tera fila
de	SCONJ	0	2	32	0	na rodoviaria de sp nao aguardem proximo ao portao de embarque quase fui assaltada em marco pq n tinha essa maldade inves de ficar na praca de alimentacao la nao tem controle de quem vai embarcar ou nao so vao para o acesso de embarque uns 15 min que ja tera fila
quem	PRON	0	2	33	0	na rodoviaria de sp nao aguardem proximo ao portao de embarque quase fui assaltada em marco pq n tinha essa maldade inves de ficar na praca de alimentacao la nao tem controle de quem vai embarcar ou nao so vao para o acesso de embarque uns 15 min que ja tera fila
vai	AUX	0	2	34	0	na rodoviaria de sp nao aguardem proximo ao portao de embarque quase fui assaltada em marco pq n tinha essa maldade inves de ficar na praca de alimentacao la nao tem controle de quem vai embarcar ou nao so vao para o acesso de embarque uns 15 min que ja tera fila
embarcar	VERB	1	2	35	0	na rodoviaria de sp nao aguardem proximo ao portao de embarque quase fui assaltada em marco pq n tinha essa maldade inves de ficar na praca de alimentacao la nao tem controle de quem vai embarcar ou nao so vao para o acesso de embarque uns 15 min que ja tera fila
ou	CCONJ	0	2	36	0	na rodoviaria de sp nao aguardem proximo ao portao de embarque quase fui assaltada em marco pq n tinha essa maldade inves de ficar na praca de alimentacao la nao tem controle de quem vai embarcar ou nao so vao para o acesso de embarque uns 15 min que ja tera fila
nao	PROPN	1	2	37	0	na rodoviaria de sp nao aguardem proximo ao portao de embarque quase fui assaltada em marco pq n tinha essa maldade inves de ficar na praca de alimentacao la nao tem controle de quem vai embarcar ou nao so vao para o acesso de embarque uns 15 min que ja tera fila
so	PROPN	0	2	38	0	na rodoviaria de sp nao aguardem proximo ao portao de embarque quase fui assaltada em marco pq n tinha essa maldade inves de ficar na praca de alimentacao la nao tem controle de quem vai embarcar ou nao so vao para o acesso de embarque uns 15 min que ja tera fila
vao	VERB	1	2	39	0	na rodoviaria de sp nao aguardem proximo ao portao de embarque quase fui assaltada em marco pq n tinha essa maldade inves de ficar na praca de alimentacao la nao tem controle de quem vai embarcar ou nao so vao para o acesso de embarque uns 15 min que ja tera fila
para	ADP	0	2	40	0	na rodoviaria de sp nao aguardem proximo ao portao de embarque quase fui assaltada em marco pq n tinha essa maldade inves de ficar na praca de alimentacao la nao tem controle de quem vai embarcar ou nao so vao para o acesso de embarque uns 15 min que ja tera fila
o	DET	0	2	41	0	na rodoviaria de sp nao aguardem proximo ao portao de embarque quase fui assaltada em marco pq n tinha essa maldade inves de ficar na praca de alimentacao la nao tem controle de quem vai embarcar ou nao so vao para o acesso de embarque uns 15 min que ja tera fila
acesso	NOUN	0	2	42	0	na rodoviaria de sp nao aguardem proximo ao portao de embarque quase fui assaltada em marco pq n tinha essa maldade inves de ficar na praca de alimentacao la nao tem controle de quem vai embarcar ou nao so vao para o acesso de embarque uns 15 min que ja tera fila
de	ADP	0	2	43	0	na rodoviaria de sp nao aguardem proximo ao portao de embarque quase fui assaltada em marco pq n tinha essa maldade inves de ficar na praca de alimentacao la nao tem controle de quem vai embarcar ou nao so vao para o acesso de embarque uns 15 min que ja tera fila
embarque	NOUN	1	2	44	0	na rodoviaria de sp nao aguardem proximo ao portao de embarque quase fui assaltada em marco pq n tinha essa maldade inves de ficar na praca de alimentacao la nao tem controle de quem vai embarcar ou nao so vao para o acesso de embarque uns 15 min que ja tera fila
uns	DET	0	2	45	0	na rodoviaria de sp nao aguardem proximo ao portao de embarque quase fui assaltada em marco pq n tinha essa maldade inves de ficar na praca de alimentacao la nao tem controle de quem vai embarcar ou nao so vao para o acesso de embarque uns 15 min que ja tera fila
15	NUM	0	2	46	0	na rodoviaria de sp nao aguardem proximo ao portao de embarque quase fui assaltada em marco pq n tinha essa maldade inves de ficar na praca de alimentacao la nao tem controle de quem vai embarcar ou nao so vao para o acesso de embarque uns 15 min que ja tera fila
min	NOUN	0	2	47	0	na rodoviaria de sp nao aguardem proximo ao portao de embarque quase fui assaltada em marco pq n tinha essa maldade inves de ficar na praca de alimentacao la nao tem controle de quem vai embarcar ou nao so vao para o acesso de embarque uns 15 min que ja tera fila
que	PRON	0	2	48	0	na rodoviaria de sp nao aguardem proximo ao portao de embarque quase fui assaltada em marco pq n tinha essa maldade inves de ficar na praca de alimentacao la nao tem controle de quem vai embarcar ou nao so vao para o acesso de embarque uns 15 min que ja tera fila
ja	PROPN	0	2	49	0	na rodoviaria de sp nao aguardem proximo ao portao de embarque quase fui assaltada em marco pq n tinha essa maldade inves de ficar na praca de alimentacao la nao tem controle de quem vai embarcar ou nao so vao para o acesso de embarque uns 15 min que ja tera fila
tera	VERB	0	2	50	0	na rodoviaria de sp nao aguardem proximo ao portao de embarque quase fui assaltada em marco pq n tinha essa maldade inves de ficar na praca de alimentacao la nao tem controle de quem vai embarcar ou nao so vao para o acesso de embarque uns 15 min que ja tera fila
fila	NOUN	1	2	51	0	na rodoviaria de sp nao aguardem proximo ao portao de embarque quase fui assaltada em marco pq n tinha essa maldade inves de ficar na praca de alimentacao la nao tem controle de quem vai embarcar ou nao so vao para o acesso de embarque uns 15 min que ja tera fila
1	['ADP', 'PROPN', 'ADP', 'PROPN', 'PROPN', 'VERB', 'ADJ', 'ADP', 'NOUN', 'ADP', 'NOUN', 'ADV', 'AUX', 'VERB', 'ADP', 'NOUN', 'CCONJ', 'PROPN', 'VERB', 'DET', 'NOUN', 'VERB', 'SCONJ', 'VERB', 'ADP', 'NOUN', 'ADP', 'NOUN', 'PROPN', 'PROPN', 'VERB', 'NOUN', 'SCONJ', 'PRON', 'AUX', 'VERB', 'CCONJ', 'PROPN', 'PROPN', 'VERB', 'ADP', 'DET', 'NOUN', 'ADP', 'NOUN', 'DET', 'NUM', 'NOUN', 'PRON', 'PROPN', 'VERB', 'NOUN']	[0, 1, 0, 1, 1, 1, 1, 0, 1, 0, 1, 0, 1, 1, 0, 0, 1, 0, 0, 0, 1, 0, 0, 0, 0, 1, 0, 1, 0, 1, 0, 0, 0, 0, 0, 1, 0, 1, 0, 1, 0, 0, 0, 0, 1, 0, 0, 0, 0, 0, 0, 1]	2	1	1	na rodoviaria de sp nao aguardem proximo ao portao de embarque quase fui assaltada em marco pq n tinha essa maldade inves de ficar na praca de alimentacao la nao tem controle de quem vai embarcar ou nao so vao para o acesso de embarque uns 15 min que ja tera fila
eu	PRON	0	3	0	0	eu espero que a policia esteja treinada para identificar quando a pessoa esta realmente armada ou nao assim como tenha meios de defesa nao letais para casos de incidentes visto que nos eua o numero de pessoas com problemas mentais em situacao de rua e grande
espero	VERB	1	3	1	0	eu espero que a policia esteja treinada para identificar quando a pessoa esta realmente armada ou nao assim como tenha meios de defesa nao letais para casos de incidentes visto que nos eua o numero de pessoas com problemas mentais em situacao de rua e grande
que	SCONJ	0	3	2	0	eu espero que a policia esteja treinada para identificar quando a pessoa esta realmente armada ou nao assim como tenha meios de defesa nao letais para casos de incidentes visto que nos eua o numero de pessoas com problemas mentais em situacao de rua e grande
a	DET	0	3	3	0	eu espero que a policia esteja treinada para identificar quando a pessoa esta realmente armada ou nao assim como tenha meios de defesa nao letais para casos de incidentes visto que nos eua o numero de pessoas com problemas mentais em situacao de rua e grande
policia	NOUN	1	3	4	0	eu espero que a policia esteja treinada para identificar quando a pessoa esta realmente armada ou nao assim como tenha meios de defesa nao letais para casos de incidentes visto que nos eua o numero de pessoas com problemas mentais em situacao de rua e grande
esteja	AUX	0	3	5	0	eu espero que a policia esteja treinada para identificar quando a pessoa esta realmente armada ou nao assim como tenha meios de defesa nao letais para casos de incidentes visto que nos eua o numero de pessoas com problemas mentais em situacao de rua e grande
treinada	ADJ	1	3	6	0	eu espero que a policia esteja treinada para identificar quando a pessoa esta realmente armada ou nao assim como tenha meios de defesa nao letais para casos de incidentes visto que nos eua o numero de pessoas com problemas mentais em situacao de rua e grande
para	SCONJ	0	3	7	0	eu espero que a policia esteja treinada para identificar quando a pessoa esta realmente armada ou nao assim como tenha meios de defesa nao letais para casos de incidentes visto que nos eua o numero de pessoas com problemas mentais em situacao de rua e grande
identificar	VERB	0	3	8	0	eu espero que a policia esteja treinada para identificar quando a pessoa esta realmente armada ou nao assim como tenha meios de defesa nao letais para casos de incidentes visto que nos eua o numero de pessoas com problemas mentais em situacao de rua e grande
quando	ADV	0	3	9	0	eu espero que a policia esteja treinada para identificar quando a pessoa esta realmente armada ou nao assim como tenha meios de defesa nao letais para casos de incidentes visto que nos eua o numero de pessoas com problemas mentais em situacao de rua e grande
a	DET	0	3	10	0	eu espero que a policia esteja treinada para identificar quando a pessoa esta realmente armada ou nao assim como tenha meios de defesa nao letais para casos de incidentes visto que nos eua o numero de pessoas com problemas mentais em situacao de rua e grande
pessoa	NOUN	0	3	11	0	eu espero que a policia esteja treinada para identificar quando a pessoa esta realmente armada ou nao assim como tenha meios de defesa nao letais para casos de incidentes visto que nos eua o numero de pessoas com problemas mentais em situacao de rua e grande
esta	PRON	0	3	12	0	eu espero que a policia esteja treinada para identificar quando a pessoa esta realmente armada ou nao assim como tenha meios de defesa nao letais para casos de incidentes visto que nos eua o numero de pessoas com problemas mentais em situacao de rua e grande
realmente	ADV	0	3	13	0	eu espero que a policia esteja treinada para identificar quando a pessoa esta realmente armada ou nao assim como tenha meios de defesa nao letais para casos de incidentes visto que nos eua o numero de pessoas com problemas mentais em situacao de rua e grande
armada	VERB	0	3	14	0	eu espero que a policia esteja treinada para identificar quando a pessoa esta realmente armada ou nao assim como tenha meios de defesa nao letais para casos de incidentes visto que nos eua o numero de pessoas com problemas mentais em situacao de rua e grande
ou	CCONJ	0	3	15	0	eu espero que a policia esteja treinada para identificar quando a pessoa esta realmente armada ou nao assim como tenha meios de defesa nao letais para casos de incidentes visto que nos eua o numero de pessoas com problemas mentais em situacao de rua e grande
nao	VERB	1	3	16	0	eu espero que a policia esteja treinada para identificar quando a pessoa esta realmente armada ou nao assim como tenha meios de defesa nao letais para casos de incidentes visto que nos eua o numero de pessoas com problemas mentais em situacao de rua e grande
assim	ADV	0	3	17	0	eu espero que a policia esteja treinada para identificar quando a pessoa esta realmente armada ou nao assim como tenha meios de defesa nao letais para casos de incidentes visto que nos eua o numero de pessoas com problemas mentais em situacao de rua e grande
como	SCONJ	0	3	18	0	eu espero que a policia esteja treinada para identificar quando a pessoa esta realmente armada ou nao assim como tenha meios de defesa nao letais para casos de incidentes visto que nos eua o numero de pessoas com problemas mentais em situacao de rua e grande
tenha	VERB	0	3	19	0	eu espero que a policia esteja treinada para identificar quando a pessoa esta realmente armada ou nao assim como tenha meios de defesa nao letais para casos de incidentes visto que nos eua o numero de pessoas com problemas mentais em situacao de rua e grande
meios	NOUN	0	3	20	0	eu espero que a policia esteja treinada para identificar quando a pessoa esta realmente armada ou nao assim como tenha meios de defesa nao letais para casos de incidentes visto que nos eua o numero de pessoas com problemas mentais em situacao de rua e grande
de	ADP	0	3	21	0	eu espero que a policia esteja treinada para identificar quando a pessoa esta realmente armada ou nao assim como tenha meios de defesa nao letais para casos de incidentes visto que nos eua o numero de pessoas com problemas mentais em situacao de rua e grande
defesa	NOUN	0	3	22	0	eu espero que a policia esteja treinada para identificar quando a pessoa esta realmente armada ou nao assim como tenha meios de defesa nao letais para casos de incidentes visto que nos eua o numero de pessoas com problemas mentais em situacao de rua e grande
nao	NOUN	1	3	23	0	eu espero que a policia esteja treinada para identificar quando a pessoa esta realmente armada ou nao assim como tenha meios de defesa nao letais para casos de incidentes visto que nos eua o numero de pessoas com problemas mentais em situacao de rua e grande
letais	ADJ	1	3	24	0	eu espero que a policia esteja treinada para identificar quando a pessoa esta realmente armada ou nao assim como tenha meios de defesa nao letais para casos de incidentes visto que nos eua o numero de pessoas com problemas mentais em situacao de rua e grande
para	ADP	0	3	25	0	eu espero que a policia esteja treinada para identificar quando a pessoa esta realmente armada ou nao assim como tenha meios de defesa nao letais para casos de incidentes visto que nos eua o numero de pessoas com problemas mentais em situacao de rua e grande
casos	NOUN	0	3	26	0	eu espero que a policia esteja treinada para identificar quando a pessoa esta realmente armada ou nao assim como tenha meios de defesa nao letais para casos de incidentes visto que nos eua o numero de pessoas com problemas mentais em situacao de rua e grande
de	ADP	0	3	27	0	eu espero que a policia esteja treinada para identificar quando a pessoa esta realmente armada ou nao assim como tenha meios de defesa nao letais para casos de incidentes visto que nos eua o numero de pessoas com problemas mentais em situacao de rua e grande
incidentes	NOUN	0	3	28	0	eu espero que a policia esteja treinada para identificar quando a pessoa esta realmente armada ou nao assim como tenha meios de defesa nao letais para casos de incidentes visto que nos eua o numero de pessoas com problemas mentais em situacao de rua e grande
visto	VERB	0	3	29	0	eu espero que a policia esteja treinada para identificar quando a pessoa esta realmente armada ou nao assim como tenha meios de defesa nao letais para casos de incidentes visto que nos eua o numero de pessoas com problemas mentais em situacao de rua e grande
que	SCONJ	0	3	30	0	eu espero que a policia esteja treinada para identificar quando a pessoa esta realmente armada ou nao assim como tenha meios de defesa nao letais para casos de incidentes visto que nos eua o numero de pessoas com problemas mentais em situacao de rua e grande
nos	ADP	0	3	31	0	eu espero que a policia esteja treinada para identificar quando a pessoa esta realmente armada ou nao assim como tenha meios de defesa nao letais para casos de incidentes visto que nos eua o numero de pessoas com problemas mentais em situacao de rua e grande
eua	PROPN	1	3	32	0	eu espero que a policia esteja treinada para identificar quando a pessoa esta realmente armada ou nao assim como tenha meios de defesa nao letais para casos de incidentes visto que nos eua o numero de pessoas com problemas mentais em situacao de rua e grande
o	DET	0	3	33	0	eu espero que a policia esteja treinada para identificar quando a pessoa esta realmente armada ou nao assim como tenha meios de defesa nao letais para casos de incidentes visto que nos eua o numero de pessoas com problemas mentais em situacao de rua e grande
numero	NOUN	1	3	34	0	eu espero que a policia esteja treinada para identificar quando a pessoa esta realmente armada ou nao assim como tenha meios de defesa nao letais para casos de incidentes visto que nos eua o numero de pessoas com problemas mentais em situacao de rua e grande
de	ADP	0	3	35	0	eu espero que a policia esteja treinada para identificar quando a pessoa esta realmente armada ou nao assim como tenha meios de defesa nao letais para casos de incidentes visto que nos eua o numero de pessoas com problemas mentais em situacao de rua e grande
pessoas	NOUN	0	3	36	0	eu espero que a policia esteja treinada para identificar quando a pessoa esta realmente armada ou nao assim como tenha meios de defesa nao letais para casos de incidentes visto que nos eua o numero de pessoas com problemas mentais em situacao de rua e grande
com	ADP	0	3	37	0	eu espero que a policia esteja treinada para identificar quando a pessoa esta realmente armada ou nao assim como tenha meios de defesa nao letais para casos de incidentes visto que nos eua o numero de pessoas com problemas mentais em situacao de rua e grande
problemas	NOUN	0	3	38	0	eu espero que a policia esteja treinada para identificar quando a pessoa esta realmente armada ou nao assim como tenha meios de defesa nao letais para casos de incidentes visto que nos eua o numero de pessoas com problemas mentais em situacao de rua e grande
mentais	ADJ	0	3	39	0	eu espero que a policia esteja treinada para identificar quando a pessoa esta realmente armada ou nao assim como tenha meios de defesa nao letais para casos de incidentes visto que nos eua o numero de pessoas com problemas mentais em situacao de rua e grande
em	ADP	0	3	40	0	eu espero que a policia esteja treinada para identificar quando a pessoa esta realmente armada ou nao assim como tenha meios de defesa nao letais para casos de incidentes visto que nos eua o numero de pessoas com problemas mentais em situacao de rua e grande
situacao	NOUN	1	3	41	0	eu espero que a policia esteja treinada para identificar quando a pessoa esta realmente armada ou nao assim como tenha meios de defesa nao letais para casos de incidentes visto que nos eua o numero de pessoas com problemas mentais em situacao de rua e grande
de	ADP	0	3	42	0	eu espero que a policia esteja treinada para identificar quando a pessoa esta realmente armada ou nao assim como tenha meios de defesa nao letais para casos de incidentes visto que nos eua o numero de pessoas com problemas mentais em situacao de rua e grande
rua	NOUN	0	3	43	0	eu espero que a policia esteja treinada para identificar quando a pessoa esta realmente armada ou nao assim como tenha meios de defesa nao letais para casos de incidentes visto que nos eua o numero de pessoas com problemas mentais em situacao de rua e grande
e	CCONJ	0	3	44	0	eu espero que a policia esteja treinada para identificar quando a pessoa esta realmente armada ou nao assim como tenha meios de defesa nao letais para casos de incidentes visto que nos eua o numero de pessoas com problemas mentais em situacao de rua e grande
grande	ADJ	0	3	45	0	eu espero que a policia esteja treinada para identificar quando a pessoa esta realmente armada ou nao assim como tenha meios de defesa nao letais para casos de incidentes visto que nos eua o numero de pessoas com problemas mentais em situacao de rua e grande
2	['PRON', 'VERB', 'SCONJ', 'DET', 'NOUN', 'AUX', 'ADJ', 'SCONJ', 'VERB', 'ADV', 'DET', 'NOUN', 'PRON', 'ADV', 'VERB', 'CCONJ', 'VERB', 'ADV', 'SCONJ', 'VERB', 'NOUN', 'ADP', 'NOUN', 'NOUN', 'ADJ', 'ADP', 'NOUN', 'ADP', 'NOUN', 'VERB', 'SCONJ', 'ADP', 'PROPN', 'DET', 'NOUN', 'ADP', 'NOUN', 'ADP', 'NOUN', 'ADJ', 'ADP', 'NOUN', 'ADP', 'NOUN', 'CCONJ', 'ADJ']	[0, 1, 0, 0, 1, 0, 1, 0, 0, 0, 0, 0, 0, 0, 0, 0, 1, 0, 0, 0, 0, 0, 0, 1, 1, 0, 0, 0, 0, 0, 0, 0, 1, 0, 1, 0, 0, 0, 0, 0, 0, 1, 0, 0, 0, 0]	3	2	1	eu espero que a policia esteja treinada para identificar quando a pessoa esta realmente armada ou nao assim como tenha meios de defesa nao letais para casos de incidentes visto que nos eua o numero de pessoas com problemas mentais em situacao de rua e grande
assaltaram	VERB	1	4	0	0	assaltaram duas casas aqui na minha rua e agora eu to com medinho
duas	NUM	0	4	1	0	assaltaram duas casas aqui na minha rua e agora eu to com medinho
casas	NOUN	0	4	2	0	assaltaram duas casas aqui na minha rua e agora eu to com medinho
aqui	ADV	0	4	3	0	assaltaram duas casas aqui na minha rua e agora eu to com medinho
na	ADP	0	4	4	0	assaltaram duas casas aqui na minha rua e agora eu to com medinho
minha	DET	0	4	5	0	assaltaram duas casas aqui na minha rua e agora eu to com medinho
rua	NOUN	0	4	6	0	assaltaram duas casas aqui na minha rua e agora eu to com medinho
e	CCONJ	0	4	7	0	assaltaram duas casas aqui na minha rua e agora eu to com medinho
agora	ADV	0	4	8	0	assaltaram duas casas aqui na minha rua e agora eu to com medinho
eu	PRON	0	4	9	0	assaltaram duas casas aqui na minha rua e agora eu to com medinho
to	VERB	0	4	10	0	assaltaram duas casas aqui na minha rua e agora eu to com medinho
com	ADP	0	4	11	0	assaltaram duas casas aqui na minha rua e agora eu to com medinho
medinho	NOUN	1	4	12	0	assaltaram duas casas aqui na minha rua e agora eu to com medinho
3	['VERB', 'NUM', 'NOUN', 'ADV', 'ADP', 'DET', 'NOUN', 'CCONJ', 'ADV', 'PRON', 'VERB', 'ADP', 'NOUN']	[1, 0, 0, 0, 0, 0, 0, 0, 0, 0, 0, 0, 1]	4	3	1	assaltaram duas casas aqui na minha rua e agora eu to com medinho
sim	ADV	0	5	0	0	sim e importante a apuracao para mostrar que foram infiltrados a mando para fazer estes atos e jogar nas costas da populacao ordeira que esta a 38 dias na rua sem nenhum incidente
e	CCONJ	0	5	1	0	sim e importante a apuracao para mostrar que foram infiltrados a mando para fazer estes atos e jogar nas costas da populacao ordeira que esta a 38 dias na rua sem nenhum incidente
importante	ADJ	0	5	2	0	sim e importante a apuracao para mostrar que foram infiltrados a mando para fazer estes atos e jogar nas costas da populacao ordeira que esta a 38 dias na rua sem nenhum incidente
a	SCONJ	0	5	3	0	sim e importante a apuracao para mostrar que foram infiltrados a mando para fazer estes atos e jogar nas costas da populacao ordeira que esta a 38 dias na rua sem nenhum incidente
apuracao	NOUN	1	5	4	0	sim e importante a apuracao para mostrar que foram infiltrados a mando para fazer estes atos e jogar nas costas da populacao ordeira que esta a 38 dias na rua sem nenhum incidente
para	SCONJ	0	5	5	0	sim e importante a apuracao para mostrar que foram infiltrados a mando para fazer estes atos e jogar nas costas da populacao ordeira que esta a 38 dias na rua sem nenhum incidente
mostrar	VERB	0	5	6	0	sim e importante a apuracao para mostrar que foram infiltrados a mando para fazer estes atos e jogar nas costas da populacao ordeira que esta a 38 dias na rua sem nenhum incidente
que	SCONJ	0	5	7	0	sim e importante a apuracao para mostrar que foram infiltrados a mando para fazer estes atos e jogar nas costas da populacao ordeira que esta a 38 dias na rua sem nenhum incidente
foram	AUX	0	5	8	0	sim e importante a apuracao para mostrar que foram infiltrados a mando para fazer estes atos e jogar nas costas da populacao ordeira que esta a 38 dias na rua sem nenhum incidente
infiltrados	VERB	1	5	9	0	sim e importante a apuracao para mostrar que foram infiltrados a mando para fazer estes atos e jogar nas costas da populacao ordeira que esta a 38 dias na rua sem nenhum incidente
a	SCONJ	0	5	10	0	sim e importante a apuracao para mostrar que foram infiltrados a mando para fazer estes atos e jogar nas costas da populacao ordeira que esta a 38 dias na rua sem nenhum incidente
mando	VERB	0	5	11	0	sim e importante a apuracao para mostrar que foram infiltrados a mando para fazer estes atos e jogar nas costas da populacao ordeira que esta a 38 dias na rua sem nenhum incidente
para	SCONJ	0	5	12	0	sim e importante a apuracao para mostrar que foram infiltrados a mando para fazer estes atos e jogar nas costas da populacao ordeira que esta a 38 dias na rua sem nenhum incidente
fazer	VERB	0	5	13	0	sim e importante a apuracao para mostrar que foram infiltrados a mando para fazer estes atos e jogar nas costas da populacao ordeira que esta a 38 dias na rua sem nenhum incidente
estes	DET	0	5	14	0	sim e importante a apuracao para mostrar que foram infiltrados a mando para fazer estes atos e jogar nas costas da populacao ordeira que esta a 38 dias na rua sem nenhum incidente
atos	NOUN	0	5	15	0	sim e importante a apuracao para mostrar que foram infiltrados a mando para fazer estes atos e jogar nas costas da populacao ordeira que esta a 38 dias na rua sem nenhum incidente
e	CCONJ	0	5	16	0	sim e importante a apuracao para mostrar que foram infiltrados a mando para fazer estes atos e jogar nas costas da populacao ordeira que esta a 38 dias na rua sem nenhum incidente
jogar	VERB	0	5	17	0	sim e importante a apuracao para mostrar que foram infiltrados a mando para fazer estes atos e jogar nas costas da populacao ordeira que esta a 38 dias na rua sem nenhum incidente
nas	ADP	0	5	18	0	sim e importante a apuracao para mostrar que foram infiltrados a mando para fazer estes atos e jogar nas costas da populacao ordeira que esta a 38 dias na rua sem nenhum incidente
costas	NOUN	0	5	19	0	sim e importante a apuracao para mostrar que foram infiltrados a mando para fazer estes atos e jogar nas costas da populacao ordeira que esta a 38 dias na rua sem nenhum incidente
da	ADP	0	5	20	0	sim e importante a apuracao para mostrar que foram infiltrados a mando para fazer estes atos e jogar nas costas da populacao ordeira que esta a 38 dias na rua sem nenhum incidente
populacao	NOUN	1	5	21	0	sim e importante a apuracao para mostrar que foram infiltrados a mando para fazer estes atos e jogar nas costas da populacao ordeira que esta a 38 dias na rua sem nenhum incidente
ordeira	ADJ	1	5	22	0	sim e importante a apuracao para mostrar que foram infiltrados a mando para fazer estes atos e jogar nas costas da populacao ordeira que esta a 38 dias na rua sem nenhum incidente
que	PRON	0	5	23	0	sim e importante a apuracao para mostrar que foram infiltrados a mando para fazer estes atos e jogar nas costas da populacao ordeira que esta a 38 dias na rua sem nenhum incidente
esta	PRON	0	5	24	0	sim e importante a apuracao para mostrar que foram infiltrados a mando para fazer estes atos e jogar nas costas da populacao ordeira que esta a 38 dias na rua sem nenhum incidente
a	ADP	0	5	25	0	sim e importante a apuracao para mostrar que foram infiltrados a mando para fazer estes atos e jogar nas costas da populacao ordeira que esta a 38 dias na rua sem nenhum incidente
38	NUM	0	5	26	0	sim e importante a apuracao para mostrar que foram infiltrados a mando para fazer estes atos e jogar nas costas da populacao ordeira que esta a 38 dias na rua sem nenhum incidente
dias	NOUN	0	5	27	0	sim e importante a apuracao para mostrar que foram infiltrados a mando para fazer estes atos e jogar nas costas da populacao ordeira que esta a 38 dias na rua sem nenhum incidente
na	ADP	0	5	28	0	sim e importante a apuracao para mostrar que foram infiltrados a mando para fazer estes atos e jogar nas costas da populacao ordeira que esta a 38 dias na rua sem nenhum incidente
rua	NOUN	0	5	29	0	sim e importante a apuracao para mostrar que foram infiltrados a mando para fazer estes atos e jogar nas costas da populacao ordeira que esta a 38 dias na rua sem nenhum incidente
sem	ADP	0	5	30	0	sim e importante a apuracao para mostrar que foram infiltrados a mando para fazer estes atos e jogar nas costas da populacao ordeira que esta a 38 dias na rua sem nenhum incidente
nenhum	DET	0	5	31	0	sim e importante a apuracao para mostrar que foram infiltrados a mando para fazer estes atos e jogar nas costas da populacao ordeira que esta a 38 dias na rua sem nenhum incidente
incidente	NOUN	0	5	32	0	sim e importante a apuracao para mostrar que foram infiltrados a mando para fazer estes atos e jogar nas costas da populacao ordeira que esta a 38 dias na rua sem nenhum incidente
4	['ADV', 'CCONJ', 'ADJ', 'SCONJ', 'NOUN', 'SCONJ', 'VERB', 'SCONJ', 'AUX', 'VERB', 'SCONJ', 'VERB', 'SCONJ', 'VERB', 'DET', 'NOUN', 'CCONJ', 'VERB', 'ADP', 'NOUN', 'ADP', 'NOUN', 'ADJ', 'PRON', 'PRON', 'ADP', 'NUM', 'NOUN', 'ADP', 'NOUN', 'ADP', 'DET', 'NOUN']	[0, 0, 0, 0, 1, 0, 0, 0, 0, 1, 0, 0, 0, 0, 0, 0, 0, 0, 0, 0, 0, 1, 1, 0, 0, 0, 0, 0, 0, 0, 0, 0, 0]	5	4	1	sim e importante a apuracao para mostrar que foram infiltrados a mando para fazer estes atos e jogar nas costas da populacao ordeira que esta a 38 dias na rua sem nenhum incidente
uma	DET	0	6	0	0	uma vez no meio da avenida brasil pedi o blablacar pra rotear internet do nd ele disse desfaz a operacao tranquei o cool ele me levou escoltada pra delegacia em bangu dizendo que eu havia roubado ele pelo roteador ele so tava sem net e n carregou o saldo e queria me cobrar
vez	NOUN	0	6	1	0	uma vez no meio da avenida brasil pedi o blablacar pra rotear internet do nd ele disse desfaz a operacao tranquei o cool ele me levou escoltada pra delegacia em bangu dizendo que eu havia roubado ele pelo roteador ele so tava sem net e n carregou o saldo e queria me cobrar
no	ADP	0	6	2	0	uma vez no meio da avenida brasil pedi o blablacar pra rotear internet do nd ele disse desfaz a operacao tranquei o cool ele me levou escoltada pra delegacia em bangu dizendo que eu havia roubado ele pelo roteador ele so tava sem net e n carregou o saldo e queria me cobrar
meio	NOUN	0	6	3	0	uma vez no meio da avenida brasil pedi o blablacar pra rotear internet do nd ele disse desfaz a operacao tranquei o cool ele me levou escoltada pra delegacia em bangu dizendo que eu havia roubado ele pelo roteador ele so tava sem net e n carregou o saldo e queria me cobrar
da	ADP	0	6	4	0	uma vez no meio da avenida brasil pedi o blablacar pra rotear internet do nd ele disse desfaz a operacao tranquei o cool ele me levou escoltada pra delegacia em bangu dizendo que eu havia roubado ele pelo roteador ele so tava sem net e n carregou o saldo e queria me cobrar
avenida	NOUN	0	6	5	0	uma vez no meio da avenida brasil pedi o blablacar pra rotear internet do nd ele disse desfaz a operacao tranquei o cool ele me levou escoltada pra delegacia em bangu dizendo que eu havia roubado ele pelo roteador ele so tava sem net e n carregou o saldo e queria me cobrar
brasil	PROPN	1	6	6	0	uma vez no meio da avenida brasil pedi o blablacar pra rotear internet do nd ele disse desfaz a operacao tranquei o cool ele me levou escoltada pra delegacia em bangu dizendo que eu havia roubado ele pelo roteador ele so tava sem net e n carregou o saldo e queria me cobrar
pedi	VERB	1	6	7	0	uma vez no meio da avenida brasil pedi o blablacar pra rotear internet do nd ele disse desfaz a operacao tranquei o cool ele me levou escoltada pra delegacia em bangu dizendo que eu havia roubado ele pelo roteador ele so tava sem net e n carregou o saldo e queria me cobrar
o	DET	0	6	8	0	uma vez no meio da avenida brasil pedi o blablacar pra rotear internet do nd ele disse desfaz a operacao tranquei o cool ele me levou escoltada pra delegacia em bangu dizendo que eu havia roubado ele pelo roteador ele so tava sem net e n carregou o saldo e queria me cobrar
blablacar	NOUN	1	6	9	0	uma vez no meio da avenida brasil pedi o blablacar pra rotear internet do nd ele disse desfaz a operacao tranquei o cool ele me levou escoltada pra delegacia em bangu dizendo que eu havia roubado ele pelo roteador ele so tava sem net e n carregou o saldo e queria me cobrar
pra	SCONJ	0	6	10	0	uma vez no meio da avenida brasil pedi o blablacar pra rotear internet do nd ele disse desfaz a operacao tranquei o cool ele me levou escoltada pra delegacia em bangu dizendo que eu havia roubado ele pelo roteador ele so tava sem net e n carregou o saldo e queria me cobrar
rotear	VERB	1	6	11	0	uma vez no meio da avenida brasil pedi o blablacar pra rotear internet do nd ele disse desfaz a operacao tranquei o cool ele me levou escoltada pra delegacia em bangu dizendo que eu havia roubado ele pelo roteador ele so tava sem net e n carregou o saldo e queria me cobrar
internet	PROPN	0	6	12	0	uma vez no meio da avenida brasil pedi o blablacar pra rotear internet do nd ele disse desfaz a operacao tranquei o cool ele me levou escoltada pra delegacia em bangu dizendo que eu havia roubado ele pelo roteador ele so tava sem net e n carregou o saldo e queria me cobrar
do	ADP	0	6	13	0	uma vez no meio da avenida brasil pedi o blablacar pra rotear internet do nd ele disse desfaz a operacao tranquei o cool ele me levou escoltada pra delegacia em bangu dizendo que eu havia roubado ele pelo roteador ele so tava sem net e n carregou o saldo e queria me cobrar
nd	PROPN	1	6	14	0	uma vez no meio da avenida brasil pedi o blablacar pra rotear internet do nd ele disse desfaz a operacao tranquei o cool ele me levou escoltada pra delegacia em bangu dizendo que eu havia roubado ele pelo roteador ele so tava sem net e n carregou o saldo e queria me cobrar
ele	PRON	0	6	15	0	uma vez no meio da avenida brasil pedi o blablacar pra rotear internet do nd ele disse desfaz a operacao tranquei o cool ele me levou escoltada pra delegacia em bangu dizendo que eu havia roubado ele pelo roteador ele so tava sem net e n carregou o saldo e queria me cobrar
disse	VERB	0	6	16	0	uma vez no meio da avenida brasil pedi o blablacar pra rotear internet do nd ele disse desfaz a operacao tranquei o cool ele me levou escoltada pra delegacia em bangu dizendo que eu havia roubado ele pelo roteador ele so tava sem net e n carregou o saldo e queria me cobrar
desfaz	VERB	1	6	17	0	uma vez no meio da avenida brasil pedi o blablacar pra rotear internet do nd ele disse desfaz a operacao tranquei o cool ele me levou escoltada pra delegacia em bangu dizendo que eu havia roubado ele pelo roteador ele so tava sem net e n carregou o saldo e queria me cobrar
a	DET	0	6	18	0	uma vez no meio da avenida brasil pedi o blablacar pra rotear internet do nd ele disse desfaz a operacao tranquei o cool ele me levou escoltada pra delegacia em bangu dizendo que eu havia roubado ele pelo roteador ele so tava sem net e n carregou o saldo e queria me cobrar
operacao	NOUN	1	6	19	0	uma vez no meio da avenida brasil pedi o blablacar pra rotear internet do nd ele disse desfaz a operacao tranquei o cool ele me levou escoltada pra delegacia em bangu dizendo que eu havia roubado ele pelo roteador ele so tava sem net e n carregou o saldo e queria me cobrar
tranquei	VERB	1	6	20	0	uma vez no meio da avenida brasil pedi o blablacar pra rotear internet do nd ele disse desfaz a operacao tranquei o cool ele me levou escoltada pra delegacia em bangu dizendo que eu havia roubado ele pelo roteador ele so tava sem net e n carregou o saldo e queria me cobrar
o	DET	0	6	21	0	uma vez no meio da avenida brasil pedi o blablacar pra rotear internet do nd ele disse desfaz a operacao tranquei o cool ele me levou escoltada pra delegacia em bangu dizendo que eu havia roubado ele pelo roteador ele so tava sem net e n carregou o saldo e queria me cobrar
cool	ADJ	1	6	22	0	uma vez no meio da avenida brasil pedi o blablacar pra rotear internet do nd ele disse desfaz a operacao tranquei o cool ele me levou escoltada pra delegacia em bangu dizendo que eu havia roubado ele pelo roteador ele so tava sem net e n carregou o saldo e queria me cobrar
ele	PRON	0	6	23	0	uma vez no meio da avenida brasil pedi o blablacar pra rotear internet do nd ele disse desfaz a operacao tranquei o cool ele me levou escoltada pra delegacia em bangu dizendo que eu havia roubado ele pelo roteador ele so tava sem net e n carregou o saldo e queria me cobrar
me	PRON	0	6	24	0	uma vez no meio da avenida brasil pedi o blablacar pra rotear internet do nd ele disse desfaz a operacao tranquei o cool ele me levou escoltada pra delegacia em bangu dizendo que eu havia roubado ele pelo roteador ele so tava sem net e n carregou o saldo e queria me cobrar
levou	VERB	0	6	25	0	uma vez no meio da avenida brasil pedi o blablacar pra rotear internet do nd ele disse desfaz a operacao tranquei o cool ele me levou escoltada pra delegacia em bangu dizendo que eu havia roubado ele pelo roteador ele so tava sem net e n carregou o saldo e queria me cobrar
escoltada	VERB	1	6	26	0	uma vez no meio da avenida brasil pedi o blablacar pra rotear internet do nd ele disse desfaz a operacao tranquei o cool ele me levou escoltada pra delegacia em bangu dizendo que eu havia roubado ele pelo roteador ele so tava sem net e n carregou o saldo e queria me cobrar
pra	ADP	0	6	27	0	uma vez no meio da avenida brasil pedi o blablacar pra rotear internet do nd ele disse desfaz a operacao tranquei o cool ele me levou escoltada pra delegacia em bangu dizendo que eu havia roubado ele pelo roteador ele so tava sem net e n carregou o saldo e queria me cobrar
delegacia	NOUN	1	6	28	0	uma vez no meio da avenida brasil pedi o blablacar pra rotear internet do nd ele disse desfaz a operacao tranquei o cool ele me levou escoltada pra delegacia em bangu dizendo que eu havia roubado ele pelo roteador ele so tava sem net e n carregou o saldo e queria me cobrar
em	ADP	0	6	29	0	uma vez no meio da avenida brasil pedi o blablacar pra rotear internet do nd ele disse desfaz a operacao tranquei o cool ele me levou escoltada pra delegacia em bangu dizendo que eu havia roubado ele pelo roteador ele so tava sem net e n carregou o saldo e queria me cobrar
bangu	PROPN	1	6	30	0	uma vez no meio da avenida brasil pedi o blablacar pra rotear internet do nd ele disse desfaz a operacao tranquei o cool ele me levou escoltada pra delegacia em bangu dizendo que eu havia roubado ele pelo roteador ele so tava sem net e n carregou o saldo e queria me cobrar
dizendo	VERB	0	6	31	0	uma vez no meio da avenida brasil pedi o blablacar pra rotear internet do nd ele disse desfaz a operacao tranquei o cool ele me levou escoltada pra delegacia em bangu dizendo que eu havia roubado ele pelo roteador ele so tava sem net e n carregou o saldo e queria me cobrar
que	SCONJ	0	6	32	0	uma vez no meio da avenida brasil pedi o blablacar pra rotear internet do nd ele disse desfaz a operacao tranquei o cool ele me levou escoltada pra delegacia em bangu dizendo que eu havia roubado ele pelo roteador ele so tava sem net e n carregou o saldo e queria me cobrar
eu	PRON	0	6	33	0	uma vez no meio da avenida brasil pedi o blablacar pra rotear internet do nd ele disse desfaz a operacao tranquei o cool ele me levou escoltada pra delegacia em bangu dizendo que eu havia roubado ele pelo roteador ele so tava sem net e n carregou o saldo e queria me cobrar
havia	AUX	0	6	34	0	uma vez no meio da avenida brasil pedi o blablacar pra rotear internet do nd ele disse desfaz a operacao tranquei o cool ele me levou escoltada pra delegacia em bangu dizendo que eu havia roubado ele pelo roteador ele so tava sem net e n carregou o saldo e queria me cobrar
roubado	VERB	0	6	35	0	uma vez no meio da avenida brasil pedi o blablacar pra rotear internet do nd ele disse desfaz a operacao tranquei o cool ele me levou escoltada pra delegacia em bangu dizendo que eu havia roubado ele pelo roteador ele so tava sem net e n carregou o saldo e queria me cobrar
ele	PRON	0	6	36	0	uma vez no meio da avenida brasil pedi o blablacar pra rotear internet do nd ele disse desfaz a operacao tranquei o cool ele me levou escoltada pra delegacia em bangu dizendo que eu havia roubado ele pelo roteador ele so tava sem net e n carregou o saldo e queria me cobrar
pelo	ADP	0	6	37	0	uma vez no meio da avenida brasil pedi o blablacar pra rotear internet do nd ele disse desfaz a operacao tranquei o cool ele me levou escoltada pra delegacia em bangu dizendo que eu havia roubado ele pelo roteador ele so tava sem net e n carregou o saldo e queria me cobrar
roteador	NOUN	1	6	38	0	uma vez no meio da avenida brasil pedi o blablacar pra rotear internet do nd ele disse desfaz a operacao tranquei o cool ele me levou escoltada pra delegacia em bangu dizendo que eu havia roubado ele pelo roteador ele so tava sem net e n carregou o saldo e queria me cobrar
ele	PRON	0	6	39	0	uma vez no meio da avenida brasil pedi o blablacar pra rotear internet do nd ele disse desfaz a operacao tranquei o cool ele me levou escoltada pra delegacia em bangu dizendo que eu havia roubado ele pelo roteador ele so tava sem net e n carregou o saldo e queria me cobrar
so	VERB	0	6	40	0	uma vez no meio da avenida brasil pedi o blablacar pra rotear internet do nd ele disse desfaz a operacao tranquei o cool ele me levou escoltada pra delegacia em bangu dizendo que eu havia roubado ele pelo roteador ele so tava sem net e n carregou o saldo e queria me cobrar
tava	AUX	1	6	41	0	uma vez no meio da avenida brasil pedi o blablacar pra rotear internet do nd ele disse desfaz a operacao tranquei o cool ele me levou escoltada pra delegacia em bangu dizendo que eu havia roubado ele pelo roteador ele so tava sem net e n carregou o saldo e queria me cobrar
sem	ADP	0	6	42	0	uma vez no meio da avenida brasil pedi o blablacar pra rotear internet do nd ele disse desfaz a operacao tranquei o cool ele me levou escoltada pra delegacia em bangu dizendo que eu havia roubado ele pelo roteador ele so tava sem net e n carregou o saldo e queria me cobrar
net	PROPN	1	6	43	0	uma vez no meio da avenida brasil pedi o blablacar pra rotear internet do nd ele disse desfaz a operacao tranquei o cool ele me levou escoltada pra delegacia em bangu dizendo que eu havia roubado ele pelo roteador ele so tava sem net e n carregou o saldo e queria me cobrar
e	CCONJ	0	6	44	0	uma vez no meio da avenida brasil pedi o blablacar pra rotear internet do nd ele disse desfaz a operacao tranquei o cool ele me levou escoltada pra delegacia em bangu dizendo que eu havia roubado ele pelo roteador ele so tava sem net e n carregou o saldo e queria me cobrar
n	PROPN	0	6	45	0	uma vez no meio da avenida brasil pedi o blablacar pra rotear internet do nd ele disse desfaz a operacao tranquei o cool ele me levou escoltada pra delegacia em bangu dizendo que eu havia roubado ele pelo roteador ele so tava sem net e n carregou o saldo e queria me cobrar
carregou	VERB	1	6	46	0	uma vez no meio da avenida brasil pedi o blablacar pra rotear internet do nd ele disse desfaz a operacao tranquei o cool ele me levou escoltada pra delegacia em bangu dizendo que eu havia roubado ele pelo roteador ele so tava sem net e n carregou o saldo e queria me cobrar
o	DET	0	6	47	0	uma vez no meio da avenida brasil pedi o blablacar pra rotear internet do nd ele disse desfaz a operacao tranquei o cool ele me levou escoltada pra delegacia em bangu dizendo que eu havia roubado ele pelo roteador ele so tava sem net e n carregou o saldo e queria me cobrar
saldo	NOUN	1	6	48	0	uma vez no meio da avenida brasil pedi o blablacar pra rotear internet do nd ele disse desfaz a operacao tranquei o cool ele me levou escoltada pra delegacia em bangu dizendo que eu havia roubado ele pelo roteador ele so tava sem net e n carregou o saldo e queria me cobrar
e	CCONJ	0	6	49	0	uma vez no meio da avenida brasil pedi o blablacar pra rotear internet do nd ele disse desfaz a operacao tranquei o cool ele me levou escoltada pra delegacia em bangu dizendo que eu havia roubado ele pelo roteador ele so tava sem net e n carregou o saldo e queria me cobrar
queria	VERB	0	6	50	0	uma vez no meio da avenida brasil pedi o blablacar pra rotear internet do nd ele disse desfaz a operacao tranquei o cool ele me levou escoltada pra delegacia em bangu dizendo que eu havia roubado ele pelo roteador ele so tava sem net e n carregou o saldo e queria me cobrar
me	PRON	0	6	51	0	uma vez no meio da avenida brasil pedi o blablacar pra rotear internet do nd ele disse desfaz a operacao tranquei o cool ele me levou escoltada pra delegacia em bangu dizendo que eu havia roubado ele pelo roteador ele so tava sem net e n carregou o saldo e queria me cobrar
cobrar	VERB	1	6	52	0	uma vez no meio da avenida brasil pedi o blablacar pra rotear internet do nd ele disse desfaz a operacao tranquei o cool ele me levou escoltada pra delegacia em bangu dizendo que eu havia roubado ele pelo roteador ele so tava sem net e n carregou o saldo e queria me cobrar
5	['DET', 'NOUN', 'ADP', 'NOUN', 'ADP', 'NOUN', 'PROPN', 'VERB', 'DET', 'NOUN', 'SCONJ', 'VERB', 'PROPN', 'ADP', 'PROPN', 'PRON', 'VERB', 'VERB', 'DET', 'NOUN', 'VERB', 'DET', 'ADJ', 'PRON', 'PRON', 'VERB', 'VERB', 'ADP', 'NOUN', 'ADP', 'PROPN', 'VERB', 'SCONJ', 'PRON', 'AUX', 'VERB', 'PRON', 'ADP', 'NOUN', 'PRON', 'VERB', 'AUX', 'ADP', 'PROPN', 'CCONJ', 'PROPN', 'VERB', 'DET', 'NOUN', 'CCONJ', 'VERB', 'PRON', 'VERB']	[0, 0, 0, 0, 0, 0, 1, 1, 0, 1, 0, 1, 0, 0, 1, 0, 0, 1, 0, 1, 1, 0, 1, 0, 0, 0, 1, 0, 1, 0, 1, 0, 0, 0, 0, 0, 0, 0, 1, 0, 0, 1, 0, 1, 0, 0, 1, 0, 1, 0, 0, 0, 1]	6	5	1	uma vez no meio da avenida brasil pedi o blablacar pra rotear internet do nd ele disse desfaz a operacao tranquei o cool ele me levou escoltada pra delegacia em bangu dizendo que eu havia roubado ele pelo roteador ele so tava sem net e n carregou o saldo e queria me cobrar
se	SCONJ	0	7	0	0	se a ariana nao soltar a data em 1 semana da primeira performance de yes and estarei saindo na rua cometendo crimes
a	DET	0	7	1	0	se a ariana nao soltar a data em 1 semana da primeira performance de yes and estarei saindo na rua cometendo crimes
ariana	NOUN	1	7	2	0	se a ariana nao soltar a data em 1 semana da primeira performance de yes and estarei saindo na rua cometendo crimes
nao	PRON	1	7	3	0	se a ariana nao soltar a data em 1 semana da primeira performance de yes and estarei saindo na rua cometendo crimes
soltar	VERB	1	7	4	0	se a ariana nao soltar a data em 1 semana da primeira performance de yes and estarei saindo na rua cometendo crimes
a	DET	0	7	5	0	se a ariana nao soltar a data em 1 semana da primeira performance de yes and estarei saindo na rua cometendo crimes
data	NOUN	0	7	6	0	se a ariana nao soltar a data em 1 semana da primeira performance de yes and estarei saindo na rua cometendo crimes
em	ADP	0	7	7	0	se a ariana nao soltar a data em 1 semana da primeira performance de yes and estarei saindo na rua cometendo crimes
1	NUM	0	7	8	0	se a ariana nao soltar a data em 1 semana da primeira performance de yes and estarei saindo na rua cometendo crimes
semana	NOUN	0	7	9	0	se a ariana nao soltar a data em 1 semana da primeira performance de yes and estarei saindo na rua cometendo crimes
da	ADP	0	7	10	0	se a ariana nao soltar a data em 1 semana da primeira performance de yes and estarei saindo na rua cometendo crimes
primeira	ADJ	0	7	11	0	se a ariana nao soltar a data em 1 semana da primeira performance de yes and estarei saindo na rua cometendo crimes
performance	NOUN	0	7	12	0	se a ariana nao soltar a data em 1 semana da primeira performance de yes and estarei saindo na rua cometendo crimes
de	ADP	0	7	13	0	se a ariana nao soltar a data em 1 semana da primeira performance de yes and estarei saindo na rua cometendo crimes
yes	PROPN	1	7	14	0	se a ariana nao soltar a data em 1 semana da primeira performance de yes and estarei saindo na rua cometendo crimes
and	PROPN	0	7	15	0	se a ariana nao soltar a data em 1 semana da primeira performance de yes and estarei saindo na rua cometendo crimes
estarei	AUX	1	7	16	0	se a ariana nao soltar a data em 1 semana da primeira performance de yes and estarei saindo na rua cometendo crimes
saindo	VERB	0	7	17	0	se a ariana nao soltar a data em 1 semana da primeira performance de yes and estarei saindo na rua cometendo crimes
na	ADP	0	7	18	0	se a ariana nao soltar a data em 1 semana da primeira performance de yes and estarei saindo na rua cometendo crimes
rua	NOUN	0	7	19	0	se a ariana nao soltar a data em 1 semana da primeira performance de yes and estarei saindo na rua cometendo crimes
cometendo	VERB	1	7	20	0	se a ariana nao soltar a data em 1 semana da primeira performance de yes and estarei saindo na rua cometendo crimes
crimes	NOUN	0	7	21	0	se a ariana nao soltar a data em 1 semana da primeira performance de yes and estarei saindo na rua cometendo crimes
6	['SCONJ', 'DET', 'NOUN', 'PRON', 'VERB', 'DET', 'NOUN', 'ADP', 'NUM', 'NOUN', 'ADP', 'ADJ', 'NOUN', 'ADP', 'PROPN', 'PROPN', 'AUX', 'VERB', 'ADP', 'NOUN', 'VERB', 'NOUN']	[0, 0, 1, 1, 1, 0, 0, 0, 0, 0, 0, 0, 0, 0, 1, 0, 1, 0, 0, 0, 1, 0]	7	6	1	se a ariana nao soltar a data em 1 semana da primeira performance de yes and estarei saindo na rua cometendo crimes
antes	ADV	0	8	0	0	antes da pandemia fui em uma festa balaia la perto da galeria do rock na saida o seguranca tava escoltando ate a esquina pq quem passava sozinho era assaltado e espancado mesmo ja estando amanhecendo e pequeno detalhe na praca da republica tinham uns 20 policias fazendo nada
da	ADP	0	8	1	0	antes da pandemia fui em uma festa balaia la perto da galeria do rock na saida o seguranca tava escoltando ate a esquina pq quem passava sozinho era assaltado e espancado mesmo ja estando amanhecendo e pequeno detalhe na praca da republica tinham uns 20 policias fazendo nada
pandemia	NOUN	1	8	2	0	antes da pandemia fui em uma festa balaia la perto da galeria do rock na saida o seguranca tava escoltando ate a esquina pq quem passava sozinho era assaltado e espancado mesmo ja estando amanhecendo e pequeno detalhe na praca da republica tinham uns 20 policias fazendo nada
fui	AUX	1	8	3	0	antes da pandemia fui em uma festa balaia la perto da galeria do rock na saida o seguranca tava escoltando ate a esquina pq quem passava sozinho era assaltado e espancado mesmo ja estando amanhecendo e pequeno detalhe na praca da republica tinham uns 20 policias fazendo nada
em	ADP	0	8	4	0	antes da pandemia fui em uma festa balaia la perto da galeria do rock na saida o seguranca tava escoltando ate a esquina pq quem passava sozinho era assaltado e espancado mesmo ja estando amanhecendo e pequeno detalhe na praca da republica tinham uns 20 policias fazendo nada
uma	DET	0	8	5	0	antes da pandemia fui em uma festa balaia la perto da galeria do rock na saida o seguranca tava escoltando ate a esquina pq quem passava sozinho era assaltado e espancado mesmo ja estando amanhecendo e pequeno detalhe na praca da republica tinham uns 20 policias fazendo nada
festa	NOUN	0	8	6	0	antes da pandemia fui em uma festa balaia la perto da galeria do rock na saida o seguranca tava escoltando ate a esquina pq quem passava sozinho era assaltado e espancado mesmo ja estando amanhecendo e pequeno detalhe na praca da republica tinham uns 20 policias fazendo nada
balaia	ADJ	1	8	7	0	antes da pandemia fui em uma festa balaia la perto da galeria do rock na saida o seguranca tava escoltando ate a esquina pq quem passava sozinho era assaltado e espancado mesmo ja estando amanhecendo e pequeno detalhe na praca da republica tinham uns 20 policias fazendo nada
la	PROPN	0	8	8	0	antes da pandemia fui em uma festa balaia la perto da galeria do rock na saida o seguranca tava escoltando ate a esquina pq quem passava sozinho era assaltado e espancado mesmo ja estando amanhecendo e pequeno detalhe na praca da republica tinham uns 20 policias fazendo nada
perto	ADV	0	8	9	0	antes da pandemia fui em uma festa balaia la perto da galeria do rock na saida o seguranca tava escoltando ate a esquina pq quem passava sozinho era assaltado e espancado mesmo ja estando amanhecendo e pequeno detalhe na praca da republica tinham uns 20 policias fazendo nada
da	ADP	0	8	10	0	antes da pandemia fui em uma festa balaia la perto da galeria do rock na saida o seguranca tava escoltando ate a esquina pq quem passava sozinho era assaltado e espancado mesmo ja estando amanhecendo e pequeno detalhe na praca da republica tinham uns 20 policias fazendo nada
galeria	NOUN	0	8	11	0	antes da pandemia fui em uma festa balaia la perto da galeria do rock na saida o seguranca tava escoltando ate a esquina pq quem passava sozinho era assaltado e espancado mesmo ja estando amanhecendo e pequeno detalhe na praca da republica tinham uns 20 policias fazendo nada
do	ADP	0	8	12	0	antes da pandemia fui em uma festa balaia la perto da galeria do rock na saida o seguranca tava escoltando ate a esquina pq quem passava sozinho era assaltado e espancado mesmo ja estando amanhecendo e pequeno detalhe na praca da republica tinham uns 20 policias fazendo nada
rock	NOUN	0	8	13	0	antes da pandemia fui em uma festa balaia la perto da galeria do rock na saida o seguranca tava escoltando ate a esquina pq quem passava sozinho era assaltado e espancado mesmo ja estando amanhecendo e pequeno detalhe na praca da republica tinham uns 20 policias fazendo nada
na	ADP	0	8	14	0	antes da pandemia fui em uma festa balaia la perto da galeria do rock na saida o seguranca tava escoltando ate a esquina pq quem passava sozinho era assaltado e espancado mesmo ja estando amanhecendo e pequeno detalhe na praca da republica tinham uns 20 policias fazendo nada
saida	NOUN	1	8	15	0	antes da pandemia fui em uma festa balaia la perto da galeria do rock na saida o seguranca tava escoltando ate a esquina pq quem passava sozinho era assaltado e espancado mesmo ja estando amanhecendo e pequeno detalhe na praca da republica tinham uns 20 policias fazendo nada
o	DET	0	8	16	0	antes da pandemia fui em uma festa balaia la perto da galeria do rock na saida o seguranca tava escoltando ate a esquina pq quem passava sozinho era assaltado e espancado mesmo ja estando amanhecendo e pequeno detalhe na praca da republica tinham uns 20 policias fazendo nada
seguranca	NOUN	1	8	17	0	antes da pandemia fui em uma festa balaia la perto da galeria do rock na saida o seguranca tava escoltando ate a esquina pq quem passava sozinho era assaltado e espancado mesmo ja estando amanhecendo e pequeno detalhe na praca da republica tinham uns 20 policias fazendo nada
tava	AUX	1	8	18	0	antes da pandemia fui em uma festa balaia la perto da galeria do rock na saida o seguranca tava escoltando ate a esquina pq quem passava sozinho era assaltado e espancado mesmo ja estando amanhecendo e pequeno detalhe na praca da republica tinham uns 20 policias fazendo nada
escoltando	VERB	1	8	19	0	antes da pandemia fui em uma festa balaia la perto da galeria do rock na saida o seguranca tava escoltando ate a esquina pq quem passava sozinho era assaltado e espancado mesmo ja estando amanhecendo e pequeno detalhe na praca da republica tinham uns 20 policias fazendo nada
ate	ADV	0	8	20	0	antes da pandemia fui em uma festa balaia la perto da galeria do rock na saida o seguranca tava escoltando ate a esquina pq quem passava sozinho era assaltado e espancado mesmo ja estando amanhecendo e pequeno detalhe na praca da republica tinham uns 20 policias fazendo nada
a	DET	0	8	21	0	antes da pandemia fui em uma festa balaia la perto da galeria do rock na saida o seguranca tava escoltando ate a esquina pq quem passava sozinho era assaltado e espancado mesmo ja estando amanhecendo e pequeno detalhe na praca da republica tinham uns 20 policias fazendo nada
esquina	NOUN	0	8	22	0	antes da pandemia fui em uma festa balaia la perto da galeria do rock na saida o seguranca tava escoltando ate a esquina pq quem passava sozinho era assaltado e espancado mesmo ja estando amanhecendo e pequeno detalhe na praca da republica tinham uns 20 policias fazendo nada
pq	CCONJ	1	8	23	0	antes da pandemia fui em uma festa balaia la perto da galeria do rock na saida o seguranca tava escoltando ate a esquina pq quem passava sozinho era assaltado e espancado mesmo ja estando amanhecendo e pequeno detalhe na praca da republica tinham uns 20 policias fazendo nada
quem	PRON	0	8	24	0	antes da pandemia fui em uma festa balaia la perto da galeria do rock na saida o seguranca tava escoltando ate a esquina pq quem passava sozinho era assaltado e espancado mesmo ja estando amanhecendo e pequeno detalhe na praca da republica tinham uns 20 policias fazendo nada
passava	VERB	0	8	25	0	antes da pandemia fui em uma festa balaia la perto da galeria do rock na saida o seguranca tava escoltando ate a esquina pq quem passava sozinho era assaltado e espancado mesmo ja estando amanhecendo e pequeno detalhe na praca da republica tinham uns 20 policias fazendo nada
sozinho	ADV	0	8	26	0	antes da pandemia fui em uma festa balaia la perto da galeria do rock na saida o seguranca tava escoltando ate a esquina pq quem passava sozinho era assaltado e espancado mesmo ja estando amanhecendo e pequeno detalhe na praca da republica tinham uns 20 policias fazendo nada
era	AUX	0	8	27	0	antes da pandemia fui em uma festa balaia la perto da galeria do rock na saida o seguranca tava escoltando ate a esquina pq quem passava sozinho era assaltado e espancado mesmo ja estando amanhecendo e pequeno detalhe na praca da republica tinham uns 20 policias fazendo nada
assaltado	VERB	1	8	28	0	antes da pandemia fui em uma festa balaia la perto da galeria do rock na saida o seguranca tava escoltando ate a esquina pq quem passava sozinho era assaltado e espancado mesmo ja estando amanhecendo e pequeno detalhe na praca da republica tinham uns 20 policias fazendo nada
e	CCONJ	0	8	29	0	antes da pandemia fui em uma festa balaia la perto da galeria do rock na saida o seguranca tava escoltando ate a esquina pq quem passava sozinho era assaltado e espancado mesmo ja estando amanhecendo e pequeno detalhe na praca da republica tinham uns 20 policias fazendo nada
espancado	VERB	1	8	30	0	antes da pandemia fui em uma festa balaia la perto da galeria do rock na saida o seguranca tava escoltando ate a esquina pq quem passava sozinho era assaltado e espancado mesmo ja estando amanhecendo e pequeno detalhe na praca da republica tinham uns 20 policias fazendo nada
mesmo	ADV	0	8	31	0	antes da pandemia fui em uma festa balaia la perto da galeria do rock na saida o seguranca tava escoltando ate a esquina pq quem passava sozinho era assaltado e espancado mesmo ja estando amanhecendo e pequeno detalhe na praca da republica tinham uns 20 policias fazendo nada
ja	PROPN	0	8	32	0	antes da pandemia fui em uma festa balaia la perto da galeria do rock na saida o seguranca tava escoltando ate a esquina pq quem passava sozinho era assaltado e espancado mesmo ja estando amanhecendo e pequeno detalhe na praca da republica tinham uns 20 policias fazendo nada
estando	AUX	0	8	33	0	antes da pandemia fui em uma festa balaia la perto da galeria do rock na saida o seguranca tava escoltando ate a esquina pq quem passava sozinho era assaltado e espancado mesmo ja estando amanhecendo e pequeno detalhe na praca da republica tinham uns 20 policias fazendo nada
amanhecendo	VERB	1	8	34	0	antes da pandemia fui em uma festa balaia la perto da galeria do rock na saida o seguranca tava escoltando ate a esquina pq quem passava sozinho era assaltado e espancado mesmo ja estando amanhecendo e pequeno detalhe na praca da republica tinham uns 20 policias fazendo nada
e	CCONJ	0	8	35	0	antes da pandemia fui em uma festa balaia la perto da galeria do rock na saida o seguranca tava escoltando ate a esquina pq quem passava sozinho era assaltado e espancado mesmo ja estando amanhecendo e pequeno detalhe na praca da republica tinham uns 20 policias fazendo nada
pequeno	ADJ	0	8	36	0	antes da pandemia fui em uma festa balaia la perto da galeria do rock na saida o seguranca tava escoltando ate a esquina pq quem passava sozinho era assaltado e espancado mesmo ja estando amanhecendo e pequeno detalhe na praca da republica tinham uns 20 policias fazendo nada
detalhe	NOUN	0	8	37	0	antes da pandemia fui em uma festa balaia la perto da galeria do rock na saida o seguranca tava escoltando ate a esquina pq quem passava sozinho era assaltado e espancado mesmo ja estando amanhecendo e pequeno detalhe na praca da republica tinham uns 20 policias fazendo nada
na	ADP	0	8	38	0	antes da pandemia fui em uma festa balaia la perto da galeria do rock na saida o seguranca tava escoltando ate a esquina pq quem passava sozinho era assaltado e espancado mesmo ja estando amanhecendo e pequeno detalhe na praca da republica tinham uns 20 policias fazendo nada
praca	NOUN	1	8	39	0	antes da pandemia fui em uma festa balaia la perto da galeria do rock na saida o seguranca tava escoltando ate a esquina pq quem passava sozinho era assaltado e espancado mesmo ja estando amanhecendo e pequeno detalhe na praca da republica tinham uns 20 policias fazendo nada
da	ADP	0	8	40	0	antes da pandemia fui em uma festa balaia la perto da galeria do rock na saida o seguranca tava escoltando ate a esquina pq quem passava sozinho era assaltado e espancado mesmo ja estando amanhecendo e pequeno detalhe na praca da republica tinham uns 20 policias fazendo nada
republica	NOUN	1	8	41	0	antes da pandemia fui em uma festa balaia la perto da galeria do rock na saida o seguranca tava escoltando ate a esquina pq quem passava sozinho era assaltado e espancado mesmo ja estando amanhecendo e pequeno detalhe na praca da republica tinham uns 20 policias fazendo nada
tinham	VERB	0	8	42	0	antes da pandemia fui em uma festa balaia la perto da galeria do rock na saida o seguranca tava escoltando ate a esquina pq quem passava sozinho era assaltado e espancado mesmo ja estando amanhecendo e pequeno detalhe na praca da republica tinham uns 20 policias fazendo nada
uns	DET	0	8	43	0	antes da pandemia fui em uma festa balaia la perto da galeria do rock na saida o seguranca tava escoltando ate a esquina pq quem passava sozinho era assaltado e espancado mesmo ja estando amanhecendo e pequeno detalhe na praca da republica tinham uns 20 policias fazendo nada
20	NUM	0	8	44	0	antes da pandemia fui em uma festa balaia la perto da galeria do rock na saida o seguranca tava escoltando ate a esquina pq quem passava sozinho era assaltado e espancado mesmo ja estando amanhecendo e pequeno detalhe na praca da republica tinham uns 20 policias fazendo nada
policias	NOUN	1	8	45	0	antes da pandemia fui em uma festa balaia la perto da galeria do rock na saida o seguranca tava escoltando ate a esquina pq quem passava sozinho era assaltado e espancado mesmo ja estando amanhecendo e pequeno detalhe na praca da republica tinham uns 20 policias fazendo nada
fazendo	VERB	0	8	46	0	antes da pandemia fui em uma festa balaia la perto da galeria do rock na saida o seguranca tava escoltando ate a esquina pq quem passava sozinho era assaltado e espancado mesmo ja estando amanhecendo e pequeno detalhe na praca da republica tinham uns 20 policias fazendo nada
nada	PRON	0	8	47	0	antes da pandemia fui em uma festa balaia la perto da galeria do rock na saida o seguranca tava escoltando ate a esquina pq quem passava sozinho era assaltado e espancado mesmo ja estando amanhecendo e pequeno detalhe na praca da republica tinham uns 20 policias fazendo nada
7	['ADV', 'ADP', 'NOUN', 'AUX', 'ADP', 'DET', 'NOUN', 'ADJ', 'PROPN', 'ADV', 'ADP', 'NOUN', 'ADP', 'NOUN', 'ADP', 'NOUN', 'DET', 'NOUN', 'AUX', 'VERB', 'ADV', 'DET', 'NOUN', 'CCONJ', 'PRON', 'VERB', 'ADV', 'AUX', 'VERB', 'CCONJ', 'VERB', 'ADV', 'PROPN', 'AUX', 'VERB', 'CCONJ', 'ADJ', 'NOUN', 'ADP', 'NOUN', 'ADP', 'NOUN', 'VERB', 'DET', 'NUM', 'NOUN', 'VERB', 'PRON']	[0, 0, 1, 1, 0, 0, 0, 1, 0, 0, 0, 0, 0, 0, 0, 1, 0, 1, 1, 1, 0, 0, 0, 1, 0, 0, 0, 0, 1, 0, 1, 0, 0, 0, 1, 0, 0, 0, 0, 1, 0, 1, 0, 0, 0, 1, 0, 0]	8	7	1	antes da pandemia fui em uma festa balaia la perto da galeria do rock na saida o seguranca tava escoltando ate a esquina pq quem passava sozinho era assaltado e espancado mesmo ja estando amanhecendo e pequeno detalhe na praca da republica tinham uns 20 policias fazendo nada
um	DET	0	9	0	0	um homem de 49 anos foi agredido na manha desta tercafeira 29 durante uma tentativa de roubo no centro de niteroi rj o crime ocorreu por volta das 9h na avenida ernani do amaral peixoto a policia agiu rapidamente e conseguiu conduzir o agressor a delegacia
homem	NOUN	0	9	1	0	um homem de 49 anos foi agredido na manha desta tercafeira 29 durante uma tentativa de roubo no centro de niteroi rj o crime ocorreu por volta das 9h na avenida ernani do amaral peixoto a policia agiu rapidamente e conseguiu conduzir o agressor a delegacia
de	ADP	0	9	2	0	um homem de 49 anos foi agredido na manha desta tercafeira 29 durante uma tentativa de roubo no centro de niteroi rj o crime ocorreu por volta das 9h na avenida ernani do amaral peixoto a policia agiu rapidamente e conseguiu conduzir o agressor a delegacia
49	NUM	0	9	3	0	um homem de 49 anos foi agredido na manha desta tercafeira 29 durante uma tentativa de roubo no centro de niteroi rj o crime ocorreu por volta das 9h na avenida ernani do amaral peixoto a policia agiu rapidamente e conseguiu conduzir o agressor a delegacia
anos	NOUN	0	9	4	0	um homem de 49 anos foi agredido na manha desta tercafeira 29 durante uma tentativa de roubo no centro de niteroi rj o crime ocorreu por volta das 9h na avenida ernani do amaral peixoto a policia agiu rapidamente e conseguiu conduzir o agressor a delegacia
foi	AUX	0	9	5	0	um homem de 49 anos foi agredido na manha desta tercafeira 29 durante uma tentativa de roubo no centro de niteroi rj o crime ocorreu por volta das 9h na avenida ernani do amaral peixoto a policia agiu rapidamente e conseguiu conduzir o agressor a delegacia
agredido	VERB	1	9	6	0	um homem de 49 anos foi agredido na manha desta tercafeira 29 durante uma tentativa de roubo no centro de niteroi rj o crime ocorreu por volta das 9h na avenida ernani do amaral peixoto a policia agiu rapidamente e conseguiu conduzir o agressor a delegacia
na	ADP	0	9	7	0	um homem de 49 anos foi agredido na manha desta tercafeira 29 durante uma tentativa de roubo no centro de niteroi rj o crime ocorreu por volta das 9h na avenida ernani do amaral peixoto a policia agiu rapidamente e conseguiu conduzir o agressor a delegacia
manha	NOUN	1	9	8	0	um homem de 49 anos foi agredido na manha desta tercafeira 29 durante uma tentativa de roubo no centro de niteroi rj o crime ocorreu por volta das 9h na avenida ernani do amaral peixoto a policia agiu rapidamente e conseguiu conduzir o agressor a delegacia
desta	ADP	0	9	9	0	um homem de 49 anos foi agredido na manha desta tercafeira 29 durante uma tentativa de roubo no centro de niteroi rj o crime ocorreu por volta das 9h na avenida ernani do amaral peixoto a policia agiu rapidamente e conseguiu conduzir o agressor a delegacia
tercafeira	PROPN	1	9	10	0	um homem de 49 anos foi agredido na manha desta tercafeira 29 durante uma tentativa de roubo no centro de niteroi rj o crime ocorreu por volta das 9h na avenida ernani do amaral peixoto a policia agiu rapidamente e conseguiu conduzir o agressor a delegacia
29	NUM	0	9	11	0	um homem de 49 anos foi agredido na manha desta tercafeira 29 durante uma tentativa de roubo no centro de niteroi rj o crime ocorreu por volta das 9h na avenida ernani do amaral peixoto a policia agiu rapidamente e conseguiu conduzir o agressor a delegacia
durante	ADP	0	9	12	0	um homem de 49 anos foi agredido na manha desta tercafeira 29 durante uma tentativa de roubo no centro de niteroi rj o crime ocorreu por volta das 9h na avenida ernani do amaral peixoto a policia agiu rapidamente e conseguiu conduzir o agressor a delegacia
uma	DET	0	9	13	0	um homem de 49 anos foi agredido na manha desta tercafeira 29 durante uma tentativa de roubo no centro de niteroi rj o crime ocorreu por volta das 9h na avenida ernani do amaral peixoto a policia agiu rapidamente e conseguiu conduzir o agressor a delegacia
tentativa	NOUN	0	9	14	0	um homem de 49 anos foi agredido na manha desta tercafeira 29 durante uma tentativa de roubo no centro de niteroi rj o crime ocorreu por volta das 9h na avenida ernani do amaral peixoto a policia agiu rapidamente e conseguiu conduzir o agressor a delegacia
de	ADP	0	9	15	0	um homem de 49 anos foi agredido na manha desta tercafeira 29 durante uma tentativa de roubo no centro de niteroi rj o crime ocorreu por volta das 9h na avenida ernani do amaral peixoto a policia agiu rapidamente e conseguiu conduzir o agressor a delegacia
roubo	NOUN	0	9	16	0	um homem de 49 anos foi agredido na manha desta tercafeira 29 durante uma tentativa de roubo no centro de niteroi rj o crime ocorreu por volta das 9h na avenida ernani do amaral peixoto a policia agiu rapidamente e conseguiu conduzir o agressor a delegacia
no	ADP	0	9	17	0	um homem de 49 anos foi agredido na manha desta tercafeira 29 durante uma tentativa de roubo no centro de niteroi rj o crime ocorreu por volta das 9h na avenida ernani do amaral peixoto a policia agiu rapidamente e conseguiu conduzir o agressor a delegacia
centro	NOUN	0	9	18	0	um homem de 49 anos foi agredido na manha desta tercafeira 29 durante uma tentativa de roubo no centro de niteroi rj o crime ocorreu por volta das 9h na avenida ernani do amaral peixoto a policia agiu rapidamente e conseguiu conduzir o agressor a delegacia
de	ADP	0	9	19	0	um homem de 49 anos foi agredido na manha desta tercafeira 29 durante uma tentativa de roubo no centro de niteroi rj o crime ocorreu por volta das 9h na avenida ernani do amaral peixoto a policia agiu rapidamente e conseguiu conduzir o agressor a delegacia
niteroi	PROPN	1	9	20	0	um homem de 49 anos foi agredido na manha desta tercafeira 29 durante uma tentativa de roubo no centro de niteroi rj o crime ocorreu por volta das 9h na avenida ernani do amaral peixoto a policia agiu rapidamente e conseguiu conduzir o agressor a delegacia
rj	PROPN	1	9	21	0	um homem de 49 anos foi agredido na manha desta tercafeira 29 durante uma tentativa de roubo no centro de niteroi rj o crime ocorreu por volta das 9h na avenida ernani do amaral peixoto a policia agiu rapidamente e conseguiu conduzir o agressor a delegacia
o	DET	0	9	22	0	um homem de 49 anos foi agredido na manha desta tercafeira 29 durante uma tentativa de roubo no centro de niteroi rj o crime ocorreu por volta das 9h na avenida ernani do amaral peixoto a policia agiu rapidamente e conseguiu conduzir o agressor a delegacia
crime	NOUN	0	9	23	0	um homem de 49 anos foi agredido na manha desta tercafeira 29 durante uma tentativa de roubo no centro de niteroi rj o crime ocorreu por volta das 9h na avenida ernani do amaral peixoto a policia agiu rapidamente e conseguiu conduzir o agressor a delegacia
ocorreu	VERB	0	9	24	0	um homem de 49 anos foi agredido na manha desta tercafeira 29 durante uma tentativa de roubo no centro de niteroi rj o crime ocorreu por volta das 9h na avenida ernani do amaral peixoto a policia agiu rapidamente e conseguiu conduzir o agressor a delegacia
por	ADP	0	9	25	0	um homem de 49 anos foi agredido na manha desta tercafeira 29 durante uma tentativa de roubo no centro de niteroi rj o crime ocorreu por volta das 9h na avenida ernani do amaral peixoto a policia agiu rapidamente e conseguiu conduzir o agressor a delegacia
volta	NOUN	0	9	26	0	um homem de 49 anos foi agredido na manha desta tercafeira 29 durante uma tentativa de roubo no centro de niteroi rj o crime ocorreu por volta das 9h na avenida ernani do amaral peixoto a policia agiu rapidamente e conseguiu conduzir o agressor a delegacia
das	ADP	0	9	27	0	um homem de 49 anos foi agredido na manha desta tercafeira 29 durante uma tentativa de roubo no centro de niteroi rj o crime ocorreu por volta das 9h na avenida ernani do amaral peixoto a policia agiu rapidamente e conseguiu conduzir o agressor a delegacia
9h	NOUN	1	9	28	0	um homem de 49 anos foi agredido na manha desta tercafeira 29 durante uma tentativa de roubo no centro de niteroi rj o crime ocorreu por volta das 9h na avenida ernani do amaral peixoto a policia agiu rapidamente e conseguiu conduzir o agressor a delegacia
na	ADP	0	9	29	0	um homem de 49 anos foi agredido na manha desta tercafeira 29 durante uma tentativa de roubo no centro de niteroi rj o crime ocorreu por volta das 9h na avenida ernani do amaral peixoto a policia agiu rapidamente e conseguiu conduzir o agressor a delegacia
avenida	NOUN	0	9	30	0	um homem de 49 anos foi agredido na manha desta tercafeira 29 durante uma tentativa de roubo no centro de niteroi rj o crime ocorreu por volta das 9h na avenida ernani do amaral peixoto a policia agiu rapidamente e conseguiu conduzir o agressor a delegacia
ernani	PROPN	1	9	31	0	um homem de 49 anos foi agredido na manha desta tercafeira 29 durante uma tentativa de roubo no centro de niteroi rj o crime ocorreu por volta das 9h na avenida ernani do amaral peixoto a policia agiu rapidamente e conseguiu conduzir o agressor a delegacia
do	ADP	0	9	32	0	um homem de 49 anos foi agredido na manha desta tercafeira 29 durante uma tentativa de roubo no centro de niteroi rj o crime ocorreu por volta das 9h na avenida ernani do amaral peixoto a policia agiu rapidamente e conseguiu conduzir o agressor a delegacia
amaral	PROPN	1	9	33	0	um homem de 49 anos foi agredido na manha desta tercafeira 29 durante uma tentativa de roubo no centro de niteroi rj o crime ocorreu por volta das 9h na avenida ernani do amaral peixoto a policia agiu rapidamente e conseguiu conduzir o agressor a delegacia
peixoto	PROPN	1	9	34	0	um homem de 49 anos foi agredido na manha desta tercafeira 29 durante uma tentativa de roubo no centro de niteroi rj o crime ocorreu por volta das 9h na avenida ernani do amaral peixoto a policia agiu rapidamente e conseguiu conduzir o agressor a delegacia
a	DET	0	9	35	0	um homem de 49 anos foi agredido na manha desta tercafeira 29 durante uma tentativa de roubo no centro de niteroi rj o crime ocorreu por volta das 9h na avenida ernani do amaral peixoto a policia agiu rapidamente e conseguiu conduzir o agressor a delegacia
policia	NOUN	1	9	36	0	um homem de 49 anos foi agredido na manha desta tercafeira 29 durante uma tentativa de roubo no centro de niteroi rj o crime ocorreu por volta das 9h na avenida ernani do amaral peixoto a policia agiu rapidamente e conseguiu conduzir o agressor a delegacia
agiu	VERB	1	9	37	0	um homem de 49 anos foi agredido na manha desta tercafeira 29 durante uma tentativa de roubo no centro de niteroi rj o crime ocorreu por volta das 9h na avenida ernani do amaral peixoto a policia agiu rapidamente e conseguiu conduzir o agressor a delegacia
rapidamente	ADV	0	9	38	0	um homem de 49 anos foi agredido na manha desta tercafeira 29 durante uma tentativa de roubo no centro de niteroi rj o crime ocorreu por volta das 9h na avenida ernani do amaral peixoto a policia agiu rapidamente e conseguiu conduzir o agressor a delegacia
e	CCONJ	0	9	39	0	um homem de 49 anos foi agredido na manha desta tercafeira 29 durante uma tentativa de roubo no centro de niteroi rj o crime ocorreu por volta das 9h na avenida ernani do amaral peixoto a policia agiu rapidamente e conseguiu conduzir o agressor a delegacia
conseguiu	VERB	0	9	40	0	um homem de 49 anos foi agredido na manha desta tercafeira 29 durante uma tentativa de roubo no centro de niteroi rj o crime ocorreu por volta das 9h na avenida ernani do amaral peixoto a policia agiu rapidamente e conseguiu conduzir o agressor a delegacia
conduzir	VERB	0	9	41	0	um homem de 49 anos foi agredido na manha desta tercafeira 29 durante uma tentativa de roubo no centro de niteroi rj o crime ocorreu por volta das 9h na avenida ernani do amaral peixoto a policia agiu rapidamente e conseguiu conduzir o agressor a delegacia
o	DET	0	9	42	0	um homem de 49 anos foi agredido na manha desta tercafeira 29 durante uma tentativa de roubo no centro de niteroi rj o crime ocorreu por volta das 9h na avenida ernani do amaral peixoto a policia agiu rapidamente e conseguiu conduzir o agressor a delegacia
agressor	NOUN	1	9	43	0	um homem de 49 anos foi agredido na manha desta tercafeira 29 durante uma tentativa de roubo no centro de niteroi rj o crime ocorreu por volta das 9h na avenida ernani do amaral peixoto a policia agiu rapidamente e conseguiu conduzir o agressor a delegacia
a	DET	0	9	44	0	um homem de 49 anos foi agredido na manha desta tercafeira 29 durante uma tentativa de roubo no centro de niteroi rj o crime ocorreu por volta das 9h na avenida ernani do amaral peixoto a policia agiu rapidamente e conseguiu conduzir o agressor a delegacia
delegacia	NOUN	1	9	45	0	um homem de 49 anos foi agredido na manha desta tercafeira 29 durante uma tentativa de roubo no centro de niteroi rj o crime ocorreu por volta das 9h na avenida ernani do amaral peixoto a policia agiu rapidamente e conseguiu conduzir o agressor a delegacia
8	['DET', 'NOUN', 'ADP', 'NUM', 'NOUN', 'AUX', 'VERB', 'ADP', 'NOUN', 'ADP', 'PROPN', 'NUM', 'ADP', 'DET', 'NOUN', 'ADP', 'NOUN', 'ADP', 'NOUN', 'ADP', 'PROPN', 'PROPN', 'DET', 'NOUN', 'VERB', 'ADP', 'NOUN', 'ADP', 'NOUN', 'ADP', 'NOUN', 'PROPN', 'ADP', 'PROPN', 'PROPN', 'DET', 'NOUN', 'VERB', 'ADV', 'CCONJ', 'VERB', 'VERB', 'DET', 'NOUN', 'DET', 'NOUN']	[0, 0, 0, 0, 0, 0, 1, 0, 1, 0, 1, 0, 0, 0, 0, 0, 0, 0, 0, 0, 1, 1, 0, 0, 0, 0, 0, 0, 1, 0, 0, 1, 0, 1, 1, 0, 1, 1, 0, 0, 0, 0, 0, 1, 0, 1]	9	8	1	um homem de 49 anos foi agredido na manha desta tercafeira 29 durante uma tentativa de roubo no centro de niteroi rj o crime ocorreu por volta das 9h na avenida ernani do amaral peixoto a policia agiu rapidamente e conseguiu conduzir o agressor a delegacia
homem	NOUN	0	10	0	0	homem e morto dentro de casa e esposa baleada no bairro cassange dhpp investiga o crime
e	CCONJ	0	10	1	0	homem e morto dentro de casa e esposa baleada no bairro cassange dhpp investiga o crime
morto	VERB	0	10	2	0	homem e morto dentro de casa e esposa baleada no bairro cassange dhpp investiga o crime
dentro	ADV	0	10	3	0	homem e morto dentro de casa e esposa baleada no bairro cassange dhpp investiga o crime
de	ADP	0	10	4	0	homem e morto dentro de casa e esposa baleada no bairro cassange dhpp investiga o crime
casa	NOUN	0	10	5	0	homem e morto dentro de casa e esposa baleada no bairro cassange dhpp investiga o crime
e	CCONJ	0	10	6	0	homem e morto dentro de casa e esposa baleada no bairro cassange dhpp investiga o crime
esposa	ADJ	0	10	7	0	homem e morto dentro de casa e esposa baleada no bairro cassange dhpp investiga o crime
baleada	VERB	1	10	8	0	homem e morto dentro de casa e esposa baleada no bairro cassange dhpp investiga o crime
no	ADP	0	10	9	0	homem e morto dentro de casa e esposa baleada no bairro cassange dhpp investiga o crime
bairro	NOUN	0	10	10	0	homem e morto dentro de casa e esposa baleada no bairro cassange dhpp investiga o crime
cassange	ADJ	1	10	11	0	homem e morto dentro de casa e esposa baleada no bairro cassange dhpp investiga o crime
dhpp	ADJ	1	10	12	0	homem e morto dentro de casa e esposa baleada no bairro cassange dhpp investiga o crime
investiga	VERB	1	10	13	0	homem e morto dentro de casa e esposa baleada no bairro cassange dhpp investiga o crime
o	DET	0	10	14	0	homem e morto dentro de casa e esposa baleada no bairro cassange dhpp investiga o crime
crime	NOUN	0	10	15	0	homem e morto dentro de casa e esposa baleada no bairro cassange dhpp investiga o crime
9	['NOUN', 'CCONJ', 'VERB', 'ADV', 'ADP', 'NOUN', 'CCONJ', 'ADJ', 'VERB', 'ADP', 'NOUN', 'ADJ', 'ADJ', 'VERB', 'DET', 'NOUN']	[0, 0, 0, 0, 0, 0, 0, 0, 1, 0, 0, 1, 1, 1, 0, 0]	10	9	1	homem e morto dentro de casa e esposa baleada no bairro cassange dhpp investiga o crime
ladrao	NOUN	1	11	0	0	ladrao e baleado por seguranca de deputado durante assalto na avenida santo amaro zona sul de sao paulo brasilurgente bandjornalismo
e	CCONJ	0	11	1	0	ladrao e baleado por seguranca de deputado durante assalto na avenida santo amaro zona sul de sao paulo brasilurgente bandjornalismo
baleado	VERB	1	11	2	0	ladrao e baleado por seguranca de deputado durante assalto na avenida santo amaro zona sul de sao paulo brasilurgente bandjornalismo
por	ADP	0	11	3	0	ladrao e baleado por seguranca de deputado durante assalto na avenida santo amaro zona sul de sao paulo brasilurgente bandjornalismo
seguranca	NOUN	1	11	4	0	ladrao e baleado por seguranca de deputado durante assalto na avenida santo amaro zona sul de sao paulo brasilurgente bandjornalismo
de	ADP	0	11	5	0	ladrao e baleado por seguranca de deputado durante assalto na avenida santo amaro zona sul de sao paulo brasilurgente bandjornalismo
deputado	NOUN	0	11	6	0	ladrao e baleado por seguranca de deputado durante assalto na avenida santo amaro zona sul de sao paulo brasilurgente bandjornalismo
durante	ADP	0	11	7	0	ladrao e baleado por seguranca de deputado durante assalto na avenida santo amaro zona sul de sao paulo brasilurgente bandjornalismo
assalto	NOUN	0	11	8	0	ladrao e baleado por seguranca de deputado durante assalto na avenida santo amaro zona sul de sao paulo brasilurgente bandjornalismo
na	ADP	0	11	9	0	ladrao e baleado por seguranca de deputado durante assalto na avenida santo amaro zona sul de sao paulo brasilurgente bandjornalismo
avenida	NOUN	0	11	10	0	ladrao e baleado por seguranca de deputado durante assalto na avenida santo amaro zona sul de sao paulo brasilurgente bandjornalismo
santo	PROPN	0	11	11	0	ladrao e baleado por seguranca de deputado durante assalto na avenida santo amaro zona sul de sao paulo brasilurgente bandjornalismo
amaro	PROPN	1	11	12	0	ladrao e baleado por seguranca de deputado durante assalto na avenida santo amaro zona sul de sao paulo brasilurgente bandjornalismo
zona	PROPN	0	11	13	0	ladrao e baleado por seguranca de deputado durante assalto na avenida santo amaro zona sul de sao paulo brasilurgente bandjornalismo
sul	PROPN	0	11	14	0	ladrao e baleado por seguranca de deputado durante assalto na avenida santo amaro zona sul de sao paulo brasilurgente bandjornalismo
de	ADP	0	11	15	0	ladrao e baleado por seguranca de deputado durante assalto na avenida santo amaro zona sul de sao paulo brasilurgente bandjornalismo
sao	PROPN	1	11	16	0	ladrao e baleado por seguranca de deputado durante assalto na avenida santo amaro zona sul de sao paulo brasilurgente bandjornalismo
paulo	PROPN	1	11	17	0	ladrao e baleado por seguranca de deputado durante assalto na avenida santo amaro zona sul de sao paulo brasilurgente bandjornalismo
brasilurgente	PROPN	1	11	18	0	ladrao e baleado por seguranca de deputado durante assalto na avenida santo amaro zona sul de sao paulo brasilurgente bandjornalismo
bandjornalismo	NOUN	1	11	19	0	ladrao e baleado por seguranca de deputado durante assalto na avenida santo amaro zona sul de sao paulo brasilurgente bandjornalismo
10	['NOUN', 'CCONJ', 'VERB', 'ADP', 'NOUN', 'ADP', 'NOUN', 'ADP', 'NOUN', 'ADP', 'NOUN', 'PROPN', 'PROPN', 'PROPN', 'PROPN', 'ADP', 'PROPN', 'PROPN', 'PROPN', 'NOUN']	[1, 0, 1, 0, 1, 0, 0, 0, 0, 0, 0, 0, 1, 0, 0, 0, 1, 1, 1, 1]	11	10	1	ladrao e baleado por seguranca de deputado durante assalto na avenida santo amaro zona sul de sao paulo brasilurgente bandjornalismo
butia	NOUN	1	12	0	0	butia dois individuos assaltaram o minimercado oliveira localizado na avenida farroupilha bairro vila nova fbme6v2gikpbf
dois	NUM	0	12	1	0	butia dois individuos assaltaram o minimercado oliveira localizado na avenida farroupilha bairro vila nova fbme6v2gikpbf
individuos	NOUN	1	12	2	0	butia dois individuos assaltaram o minimercado oliveira localizado na avenida farroupilha bairro vila nova fbme6v2gikpbf
assaltaram	VERB	1	12	3	0	butia dois individuos assaltaram o minimercado oliveira localizado na avenida farroupilha bairro vila nova fbme6v2gikpbf
o	DET	0	12	4	0	butia dois individuos assaltaram o minimercado oliveira localizado na avenida farroupilha bairro vila nova fbme6v2gikpbf
minimercado	NOUN	1	12	5	0	butia dois individuos assaltaram o minimercado oliveira localizado na avenida farroupilha bairro vila nova fbme6v2gikpbf
oliveira	PROPN	1	12	6	0	butia dois individuos assaltaram o minimercado oliveira localizado na avenida farroupilha bairro vila nova fbme6v2gikpbf
localizado	VERB	0	12	7	0	butia dois individuos assaltaram o minimercado oliveira localizado na avenida farroupilha bairro vila nova fbme6v2gikpbf
na	ADP	0	12	8	0	butia dois individuos assaltaram o minimercado oliveira localizado na avenida farroupilha bairro vila nova fbme6v2gikpbf
avenida	NOUN	0	12	9	0	butia dois individuos assaltaram o minimercado oliveira localizado na avenida farroupilha bairro vila nova fbme6v2gikpbf
farroupilha	PROPN	1	12	10	0	butia dois individuos assaltaram o minimercado oliveira localizado na avenida farroupilha bairro vila nova fbme6v2gikpbf
bairro	PROPN	0	12	11	0	butia dois individuos assaltaram o minimercado oliveira localizado na avenida farroupilha bairro vila nova fbme6v2gikpbf
vila	PROPN	0	12	12	0	butia dois individuos assaltaram o minimercado oliveira localizado na avenida farroupilha bairro vila nova fbme6v2gikpbf
nova	ADJ	0	12	13	0	butia dois individuos assaltaram o minimercado oliveira localizado na avenida farroupilha bairro vila nova fbme6v2gikpbf
fbme6v2gikpbf	PROPN	1	12	14	0	butia dois individuos assaltaram o minimercado oliveira localizado na avenida farroupilha bairro vila nova fbme6v2gikpbf
11	['NOUN', 'NUM', 'NOUN', 'VERB', 'DET', 'NOUN', 'PROPN', 'VERB', 'ADP', 'NOUN', 'PROPN', 'PROPN', 'PROPN', 'ADJ', 'PROPN']	[1, 0, 1, 1, 0, 1, 1, 0, 0, 0, 1, 0, 0, 0, 1]	12	11	1	butia dois individuos assaltaram o minimercado oliveira localizado na avenida farroupilha bairro vila nova fbme6v2gikpbf
copacabana	ADJ	1	13	0	0	copacabana deveria ser um bairro super seguro diante da quantidade de turistas que recebe entretanto e de longe um dos bairros mais violentos com assaltos uma desordem urbana sem fim e diversos outros crimes que vergonha cidade abandonada eduardopaes claudiocastrorj
deveria	VERB	0	13	1	0	copacabana deveria ser um bairro super seguro diante da quantidade de turistas que recebe entretanto e de longe um dos bairros mais violentos com assaltos uma desordem urbana sem fim e diversos outros crimes que vergonha cidade abandonada eduardopaes claudiocastrorj
ser	AUX	0	13	2	0	copacabana deveria ser um bairro super seguro diante da quantidade de turistas que recebe entretanto e de longe um dos bairros mais violentos com assaltos uma desordem urbana sem fim e diversos outros crimes que vergonha cidade abandonada eduardopaes claudiocastrorj
um	DET	0	13	3	0	copacabana deveria ser um bairro super seguro diante da quantidade de turistas que recebe entretanto e de longe um dos bairros mais violentos com assaltos uma desordem urbana sem fim e diversos outros crimes que vergonha cidade abandonada eduardopaes claudiocastrorj
bairro	NOUN	0	13	4	0	copacabana deveria ser um bairro super seguro diante da quantidade de turistas que recebe entretanto e de longe um dos bairros mais violentos com assaltos uma desordem urbana sem fim e diversos outros crimes que vergonha cidade abandonada eduardopaes claudiocastrorj
super	ADJ	0	13	5	0	copacabana deveria ser um bairro super seguro diante da quantidade de turistas que recebe entretanto e de longe um dos bairros mais violentos com assaltos uma desordem urbana sem fim e diversos outros crimes que vergonha cidade abandonada eduardopaes claudiocastrorj
seguro	ADJ	0	13	6	0	copacabana deveria ser um bairro super seguro diante da quantidade de turistas que recebe entretanto e de longe um dos bairros mais violentos com assaltos uma desordem urbana sem fim e diversos outros crimes que vergonha cidade abandonada eduardopaes claudiocastrorj
diante	ADV	0	13	7	0	copacabana deveria ser um bairro super seguro diante da quantidade de turistas que recebe entretanto e de longe um dos bairros mais violentos com assaltos uma desordem urbana sem fim e diversos outros crimes que vergonha cidade abandonada eduardopaes claudiocastrorj
da	DET	0	13	8	0	copacabana deveria ser um bairro super seguro diante da quantidade de turistas que recebe entretanto e de longe um dos bairros mais violentos com assaltos uma desordem urbana sem fim e diversos outros crimes que vergonha cidade abandonada eduardopaes claudiocastrorj
quantidade	NOUN	0	13	9	0	copacabana deveria ser um bairro super seguro diante da quantidade de turistas que recebe entretanto e de longe um dos bairros mais violentos com assaltos uma desordem urbana sem fim e diversos outros crimes que vergonha cidade abandonada eduardopaes claudiocastrorj
de	ADP	0	13	10	0	copacabana deveria ser um bairro super seguro diante da quantidade de turistas que recebe entretanto e de longe um dos bairros mais violentos com assaltos uma desordem urbana sem fim e diversos outros crimes que vergonha cidade abandonada eduardopaes claudiocastrorj
turistas	NOUN	0	13	11	0	copacabana deveria ser um bairro super seguro diante da quantidade de turistas que recebe entretanto e de longe um dos bairros mais violentos com assaltos uma desordem urbana sem fim e diversos outros crimes que vergonha cidade abandonada eduardopaes claudiocastrorj
que	PRON	0	13	12	0	copacabana deveria ser um bairro super seguro diante da quantidade de turistas que recebe entretanto e de longe um dos bairros mais violentos com assaltos uma desordem urbana sem fim e diversos outros crimes que vergonha cidade abandonada eduardopaes claudiocastrorj
recebe	VERB	0	13	13	0	copacabana deveria ser um bairro super seguro diante da quantidade de turistas que recebe entretanto e de longe um dos bairros mais violentos com assaltos uma desordem urbana sem fim e diversos outros crimes que vergonha cidade abandonada eduardopaes claudiocastrorj
entretanto	CCONJ	0	13	14	0	copacabana deveria ser um bairro super seguro diante da quantidade de turistas que recebe entretanto e de longe um dos bairros mais violentos com assaltos uma desordem urbana sem fim e diversos outros crimes que vergonha cidade abandonada eduardopaes claudiocastrorj
e	CCONJ	0	13	15	0	copacabana deveria ser um bairro super seguro diante da quantidade de turistas que recebe entretanto e de longe um dos bairros mais violentos com assaltos uma desordem urbana sem fim e diversos outros crimes que vergonha cidade abandonada eduardopaes claudiocastrorj
de	ADP	0	13	16	0	copacabana deveria ser um bairro super seguro diante da quantidade de turistas que recebe entretanto e de longe um dos bairros mais violentos com assaltos uma desordem urbana sem fim e diversos outros crimes que vergonha cidade abandonada eduardopaes claudiocastrorj
longe	ADV	0	13	17	0	copacabana deveria ser um bairro super seguro diante da quantidade de turistas que recebe entretanto e de longe um dos bairros mais violentos com assaltos uma desordem urbana sem fim e diversos outros crimes que vergonha cidade abandonada eduardopaes claudiocastrorj
um	NUM	0	13	18	0	copacabana deveria ser um bairro super seguro diante da quantidade de turistas que recebe entretanto e de longe um dos bairros mais violentos com assaltos uma desordem urbana sem fim e diversos outros crimes que vergonha cidade abandonada eduardopaes claudiocastrorj
dos	ADP	0	13	19	0	copacabana deveria ser um bairro super seguro diante da quantidade de turistas que recebe entretanto e de longe um dos bairros mais violentos com assaltos uma desordem urbana sem fim e diversos outros crimes que vergonha cidade abandonada eduardopaes claudiocastrorj
bairros	NOUN	0	13	20	0	copacabana deveria ser um bairro super seguro diante da quantidade de turistas que recebe entretanto e de longe um dos bairros mais violentos com assaltos uma desordem urbana sem fim e diversos outros crimes que vergonha cidade abandonada eduardopaes claudiocastrorj
mais	ADV	0	13	21	0	copacabana deveria ser um bairro super seguro diante da quantidade de turistas que recebe entretanto e de longe um dos bairros mais violentos com assaltos uma desordem urbana sem fim e diversos outros crimes que vergonha cidade abandonada eduardopaes claudiocastrorj
violentos	ADJ	0	13	22	0	copacabana deveria ser um bairro super seguro diante da quantidade de turistas que recebe entretanto e de longe um dos bairros mais violentos com assaltos uma desordem urbana sem fim e diversos outros crimes que vergonha cidade abandonada eduardopaes claudiocastrorj
com	ADP	0	13	23	0	copacabana deveria ser um bairro super seguro diante da quantidade de turistas que recebe entretanto e de longe um dos bairros mais violentos com assaltos uma desordem urbana sem fim e diversos outros crimes que vergonha cidade abandonada eduardopaes claudiocastrorj
assaltos	NOUN	1	13	24	0	copacabana deveria ser um bairro super seguro diante da quantidade de turistas que recebe entretanto e de longe um dos bairros mais violentos com assaltos uma desordem urbana sem fim e diversos outros crimes que vergonha cidade abandonada eduardopaes claudiocastrorj
uma	DET	0	13	25	0	copacabana deveria ser um bairro super seguro diante da quantidade de turistas que recebe entretanto e de longe um dos bairros mais violentos com assaltos uma desordem urbana sem fim e diversos outros crimes que vergonha cidade abandonada eduardopaes claudiocastrorj
desordem	NOUN	1	13	26	0	copacabana deveria ser um bairro super seguro diante da quantidade de turistas que recebe entretanto e de longe um dos bairros mais violentos com assaltos uma desordem urbana sem fim e diversos outros crimes que vergonha cidade abandonada eduardopaes claudiocastrorj
urbana	ADJ	0	13	27	0	copacabana deveria ser um bairro super seguro diante da quantidade de turistas que recebe entretanto e de longe um dos bairros mais violentos com assaltos uma desordem urbana sem fim e diversos outros crimes que vergonha cidade abandonada eduardopaes claudiocastrorj
sem	ADP	0	13	28	0	copacabana deveria ser um bairro super seguro diante da quantidade de turistas que recebe entretanto e de longe um dos bairros mais violentos com assaltos uma desordem urbana sem fim e diversos outros crimes que vergonha cidade abandonada eduardopaes claudiocastrorj
fim	NOUN	0	13	29	0	copacabana deveria ser um bairro super seguro diante da quantidade de turistas que recebe entretanto e de longe um dos bairros mais violentos com assaltos uma desordem urbana sem fim e diversos outros crimes que vergonha cidade abandonada eduardopaes claudiocastrorj
e	CCONJ	0	13	30	0	copacabana deveria ser um bairro super seguro diante da quantidade de turistas que recebe entretanto e de longe um dos bairros mais violentos com assaltos uma desordem urbana sem fim e diversos outros crimes que vergonha cidade abandonada eduardopaes claudiocastrorj
diversos	DET	0	13	31	0	copacabana deveria ser um bairro super seguro diante da quantidade de turistas que recebe entretanto e de longe um dos bairros mais violentos com assaltos uma desordem urbana sem fim e diversos outros crimes que vergonha cidade abandonada eduardopaes claudiocastrorj
outros	DET	0	13	32	0	copacabana deveria ser um bairro super seguro diante da quantidade de turistas que recebe entretanto e de longe um dos bairros mais violentos com assaltos uma desordem urbana sem fim e diversos outros crimes que vergonha cidade abandonada eduardopaes claudiocastrorj
crimes	NOUN	0	13	33	0	copacabana deveria ser um bairro super seguro diante da quantidade de turistas que recebe entretanto e de longe um dos bairros mais violentos com assaltos uma desordem urbana sem fim e diversos outros crimes que vergonha cidade abandonada eduardopaes claudiocastrorj
que	PRON	0	13	34	0	copacabana deveria ser um bairro super seguro diante da quantidade de turistas que recebe entretanto e de longe um dos bairros mais violentos com assaltos uma desordem urbana sem fim e diversos outros crimes que vergonha cidade abandonada eduardopaes claudiocastrorj
vergonha	NOUN	1	13	35	0	copacabana deveria ser um bairro super seguro diante da quantidade de turistas que recebe entretanto e de longe um dos bairros mais violentos com assaltos uma desordem urbana sem fim e diversos outros crimes que vergonha cidade abandonada eduardopaes claudiocastrorj
cidade	NOUN	0	13	36	0	copacabana deveria ser um bairro super seguro diante da quantidade de turistas que recebe entretanto e de longe um dos bairros mais violentos com assaltos uma desordem urbana sem fim e diversos outros crimes que vergonha cidade abandonada eduardopaes claudiocastrorj
abandonada	VERB	0	13	37	0	copacabana deveria ser um bairro super seguro diante da quantidade de turistas que recebe entretanto e de longe um dos bairros mais violentos com assaltos uma desordem urbana sem fim e diversos outros crimes que vergonha cidade abandonada eduardopaes claudiocastrorj
eduardopaes	VERB	1	13	38	0	copacabana deveria ser um bairro super seguro diante da quantidade de turistas que recebe entretanto e de longe um dos bairros mais violentos com assaltos uma desordem urbana sem fim e diversos outros crimes que vergonha cidade abandonada eduardopaes claudiocastrorj
claudiocastrorj	NOUN	1	13	39	0	copacabana deveria ser um bairro super seguro diante da quantidade de turistas que recebe entretanto e de longe um dos bairros mais violentos com assaltos uma desordem urbana sem fim e diversos outros crimes que vergonha cidade abandonada eduardopaes claudiocastrorj
12	['ADJ', 'VERB', 'AUX', 'DET', 'NOUN', 'ADJ', 'ADJ', 'ADV', 'DET', 'NOUN', 'ADP', 'NOUN', 'PRON', 'VERB', 'CCONJ', 'CCONJ', 'ADP', 'ADV', 'NUM', 'ADP', 'NOUN', 'ADV', 'ADJ', 'ADP', 'NOUN', 'DET', 'NOUN', 'ADJ', 'ADP', 'NOUN', 'CCONJ', 'DET', 'DET', 'NOUN', 'PRON', 'NOUN', 'NOUN', 'VERB', 'VERB', 'NOUN']	[1, 0, 0, 0, 0, 0, 0, 0, 0, 0, 0, 0, 0, 0, 0, 0, 0, 0, 0, 0, 0, 0, 0, 0, 1, 0, 1, 0, 0, 0, 0, 0, 0, 0, 0, 1, 0, 0, 1, 1]	13	12	1	copacabana deveria ser um bairro super seguro diante da quantidade de turistas que recebe entretanto e de longe um dos bairros mais violentos com assaltos uma desordem urbana sem fim e diversos outros crimes que vergonha cidade abandonada eduardopaes claudiocastrorj
na	ADP	0	14	0	0	na manha desse domingo 24 um homem foi preso por roubo apos ser denunciado pela propria irma na cidade estrutural ele roubou uma loja na avenida luiz estevao mas antes de sair de casa disse a irma que cometeria o crime saiba mais em
manha	NOUN	1	14	1	0	na manha desse domingo 24 um homem foi preso por roubo apos ser denunciado pela propria irma na cidade estrutural ele roubou uma loja na avenida luiz estevao mas antes de sair de casa disse a irma que cometeria o crime saiba mais em
desse	ADP	0	14	2	0	na manha desse domingo 24 um homem foi preso por roubo apos ser denunciado pela propria irma na cidade estrutural ele roubou uma loja na avenida luiz estevao mas antes de sair de casa disse a irma que cometeria o crime saiba mais em
domingo	NOUN	0	14	3	0	na manha desse domingo 24 um homem foi preso por roubo apos ser denunciado pela propria irma na cidade estrutural ele roubou uma loja na avenida luiz estevao mas antes de sair de casa disse a irma que cometeria o crime saiba mais em
24	NUM	0	14	4	0	na manha desse domingo 24 um homem foi preso por roubo apos ser denunciado pela propria irma na cidade estrutural ele roubou uma loja na avenida luiz estevao mas antes de sair de casa disse a irma que cometeria o crime saiba mais em
um	DET	0	14	5	0	na manha desse domingo 24 um homem foi preso por roubo apos ser denunciado pela propria irma na cidade estrutural ele roubou uma loja na avenida luiz estevao mas antes de sair de casa disse a irma que cometeria o crime saiba mais em
homem	NOUN	0	14	6	0	na manha desse domingo 24 um homem foi preso por roubo apos ser denunciado pela propria irma na cidade estrutural ele roubou uma loja na avenida luiz estevao mas antes de sair de casa disse a irma que cometeria o crime saiba mais em
foi	AUX	0	14	7	0	na manha desse domingo 24 um homem foi preso por roubo apos ser denunciado pela propria irma na cidade estrutural ele roubou uma loja na avenida luiz estevao mas antes de sair de casa disse a irma que cometeria o crime saiba mais em
preso	VERB	0	14	8	0	na manha desse domingo 24 um homem foi preso por roubo apos ser denunciado pela propria irma na cidade estrutural ele roubou uma loja na avenida luiz estevao mas antes de sair de casa disse a irma que cometeria o crime saiba mais em
por	ADP	0	14	9	0	na manha desse domingo 24 um homem foi preso por roubo apos ser denunciado pela propria irma na cidade estrutural ele roubou uma loja na avenida luiz estevao mas antes de sair de casa disse a irma que cometeria o crime saiba mais em
roubo	NOUN	0	14	10	0	na manha desse domingo 24 um homem foi preso por roubo apos ser denunciado pela propria irma na cidade estrutural ele roubou uma loja na avenida luiz estevao mas antes de sair de casa disse a irma que cometeria o crime saiba mais em
apos	NOUN	0	14	11	0	na manha desse domingo 24 um homem foi preso por roubo apos ser denunciado pela propria irma na cidade estrutural ele roubou uma loja na avenida luiz estevao mas antes de sair de casa disse a irma que cometeria o crime saiba mais em
ser	AUX	0	14	12	0	na manha desse domingo 24 um homem foi preso por roubo apos ser denunciado pela propria irma na cidade estrutural ele roubou uma loja na avenida luiz estevao mas antes de sair de casa disse a irma que cometeria o crime saiba mais em
denunciado	VERB	1	14	13	0	na manha desse domingo 24 um homem foi preso por roubo apos ser denunciado pela propria irma na cidade estrutural ele roubou uma loja na avenida luiz estevao mas antes de sair de casa disse a irma que cometeria o crime saiba mais em
pela	ADP	0	14	14	0	na manha desse domingo 24 um homem foi preso por roubo apos ser denunciado pela propria irma na cidade estrutural ele roubou uma loja na avenida luiz estevao mas antes de sair de casa disse a irma que cometeria o crime saiba mais em
propria	NOUN	1	14	15	0	na manha desse domingo 24 um homem foi preso por roubo apos ser denunciado pela propria irma na cidade estrutural ele roubou uma loja na avenida luiz estevao mas antes de sair de casa disse a irma que cometeria o crime saiba mais em
irma	PROPN	1	14	16	0	na manha desse domingo 24 um homem foi preso por roubo apos ser denunciado pela propria irma na cidade estrutural ele roubou uma loja na avenida luiz estevao mas antes de sair de casa disse a irma que cometeria o crime saiba mais em
na	ADP	0	14	17	0	na manha desse domingo 24 um homem foi preso por roubo apos ser denunciado pela propria irma na cidade estrutural ele roubou uma loja na avenida luiz estevao mas antes de sair de casa disse a irma que cometeria o crime saiba mais em
cidade	NOUN	0	14	18	0	na manha desse domingo 24 um homem foi preso por roubo apos ser denunciado pela propria irma na cidade estrutural ele roubou uma loja na avenida luiz estevao mas antes de sair de casa disse a irma que cometeria o crime saiba mais em
estrutural	ADJ	0	14	19	0	na manha desse domingo 24 um homem foi preso por roubo apos ser denunciado pela propria irma na cidade estrutural ele roubou uma loja na avenida luiz estevao mas antes de sair de casa disse a irma que cometeria o crime saiba mais em
ele	PRON	0	14	20	0	na manha desse domingo 24 um homem foi preso por roubo apos ser denunciado pela propria irma na cidade estrutural ele roubou uma loja na avenida luiz estevao mas antes de sair de casa disse a irma que cometeria o crime saiba mais em
roubou	VERB	1	14	21	0	na manha desse domingo 24 um homem foi preso por roubo apos ser denunciado pela propria irma na cidade estrutural ele roubou uma loja na avenida luiz estevao mas antes de sair de casa disse a irma que cometeria o crime saiba mais em
uma	DET	0	14	22	0	na manha desse domingo 24 um homem foi preso por roubo apos ser denunciado pela propria irma na cidade estrutural ele roubou uma loja na avenida luiz estevao mas antes de sair de casa disse a irma que cometeria o crime saiba mais em
loja	NOUN	0	14	23	0	na manha desse domingo 24 um homem foi preso por roubo apos ser denunciado pela propria irma na cidade estrutural ele roubou uma loja na avenida luiz estevao mas antes de sair de casa disse a irma que cometeria o crime saiba mais em
na	ADP	0	14	24	0	na manha desse domingo 24 um homem foi preso por roubo apos ser denunciado pela propria irma na cidade estrutural ele roubou uma loja na avenida luiz estevao mas antes de sair de casa disse a irma que cometeria o crime saiba mais em
avenida	NOUN	0	14	25	0	na manha desse domingo 24 um homem foi preso por roubo apos ser denunciado pela propria irma na cidade estrutural ele roubou uma loja na avenida luiz estevao mas antes de sair de casa disse a irma que cometeria o crime saiba mais em
luiz	PROPN	1	14	26	0	na manha desse domingo 24 um homem foi preso por roubo apos ser denunciado pela propria irma na cidade estrutural ele roubou uma loja na avenida luiz estevao mas antes de sair de casa disse a irma que cometeria o crime saiba mais em
estevao	PROPN	1	14	27	0	na manha desse domingo 24 um homem foi preso por roubo apos ser denunciado pela propria irma na cidade estrutural ele roubou uma loja na avenida luiz estevao mas antes de sair de casa disse a irma que cometeria o crime saiba mais em
mas	CCONJ	0	14	28	0	na manha desse domingo 24 um homem foi preso por roubo apos ser denunciado pela propria irma na cidade estrutural ele roubou uma loja na avenida luiz estevao mas antes de sair de casa disse a irma que cometeria o crime saiba mais em
antes	ADV	0	14	29	0	na manha desse domingo 24 um homem foi preso por roubo apos ser denunciado pela propria irma na cidade estrutural ele roubou uma loja na avenida luiz estevao mas antes de sair de casa disse a irma que cometeria o crime saiba mais em
de	ADP	0	14	30	0	na manha desse domingo 24 um homem foi preso por roubo apos ser denunciado pela propria irma na cidade estrutural ele roubou uma loja na avenida luiz estevao mas antes de sair de casa disse a irma que cometeria o crime saiba mais em
sair	VERB	0	14	31	0	na manha desse domingo 24 um homem foi preso por roubo apos ser denunciado pela propria irma na cidade estrutural ele roubou uma loja na avenida luiz estevao mas antes de sair de casa disse a irma que cometeria o crime saiba mais em
de	ADP	0	14	32	0	na manha desse domingo 24 um homem foi preso por roubo apos ser denunciado pela propria irma na cidade estrutural ele roubou uma loja na avenida luiz estevao mas antes de sair de casa disse a irma que cometeria o crime saiba mais em
casa	NOUN	0	14	33	0	na manha desse domingo 24 um homem foi preso por roubo apos ser denunciado pela propria irma na cidade estrutural ele roubou uma loja na avenida luiz estevao mas antes de sair de casa disse a irma que cometeria o crime saiba mais em
disse	VERB	0	14	34	0	na manha desse domingo 24 um homem foi preso por roubo apos ser denunciado pela propria irma na cidade estrutural ele roubou uma loja na avenida luiz estevao mas antes de sair de casa disse a irma que cometeria o crime saiba mais em
a	DET	0	14	35	0	na manha desse domingo 24 um homem foi preso por roubo apos ser denunciado pela propria irma na cidade estrutural ele roubou uma loja na avenida luiz estevao mas antes de sair de casa disse a irma que cometeria o crime saiba mais em
irma	PROPN	1	14	36	0	na manha desse domingo 24 um homem foi preso por roubo apos ser denunciado pela propria irma na cidade estrutural ele roubou uma loja na avenida luiz estevao mas antes de sair de casa disse a irma que cometeria o crime saiba mais em
que	PRON	0	14	37	0	na manha desse domingo 24 um homem foi preso por roubo apos ser denunciado pela propria irma na cidade estrutural ele roubou uma loja na avenida luiz estevao mas antes de sair de casa disse a irma que cometeria o crime saiba mais em
cometeria	VERB	1	14	38	0	na manha desse domingo 24 um homem foi preso por roubo apos ser denunciado pela propria irma na cidade estrutural ele roubou uma loja na avenida luiz estevao mas antes de sair de casa disse a irma que cometeria o crime saiba mais em
o	DET	0	14	39	0	na manha desse domingo 24 um homem foi preso por roubo apos ser denunciado pela propria irma na cidade estrutural ele roubou uma loja na avenida luiz estevao mas antes de sair de casa disse a irma que cometeria o crime saiba mais em
crime	NOUN	0	14	40	0	na manha desse domingo 24 um homem foi preso por roubo apos ser denunciado pela propria irma na cidade estrutural ele roubou uma loja na avenida luiz estevao mas antes de sair de casa disse a irma que cometeria o crime saiba mais em
saiba	VERB	1	14	41	0	na manha desse domingo 24 um homem foi preso por roubo apos ser denunciado pela propria irma na cidade estrutural ele roubou uma loja na avenida luiz estevao mas antes de sair de casa disse a irma que cometeria o crime saiba mais em
mais	ADV	0	14	42	0	na manha desse domingo 24 um homem foi preso por roubo apos ser denunciado pela propria irma na cidade estrutural ele roubou uma loja na avenida luiz estevao mas antes de sair de casa disse a irma que cometeria o crime saiba mais em
em	ADP	0	14	43	0	na manha desse domingo 24 um homem foi preso por roubo apos ser denunciado pela propria irma na cidade estrutural ele roubou uma loja na avenida luiz estevao mas antes de sair de casa disse a irma que cometeria o crime saiba mais em
13	['ADP', 'NOUN', 'ADP', 'NOUN', 'NUM', 'DET', 'NOUN', 'AUX', 'VERB', 'ADP', 'NOUN', 'NOUN', 'AUX', 'VERB', 'ADP', 'NOUN', 'PROPN', 'ADP', 'NOUN', 'ADJ', 'PRON', 'VERB', 'DET', 'NOUN', 'ADP', 'NOUN', 'PROPN', 'PROPN', 'CCONJ', 'ADV', 'ADP', 'VERB', 'ADP', 'NOUN', 'VERB', 'DET', 'PROPN', 'PRON', 'VERB', 'DET', 'NOUN', 'VERB', 'ADV', 'ADP']	[0, 1, 0, 0, 0, 0, 0, 0, 0, 0, 0, 0, 0, 1, 0, 1, 1, 0, 0, 0, 0, 1, 0, 0, 0, 0, 1, 1, 0, 0, 0, 0, 0, 0, 0, 0, 1, 0, 1, 0, 0, 1, 0, 0]	14	13	1	na manha desse domingo 24 um homem foi preso por roubo apos ser denunciado pela propria irma na cidade estrutural ele roubou uma loja na avenida luiz estevao mas antes de sair de casa disse a irma que cometeria o crime saiba mais em
se	PRON	0	15	0	0	se aproximando de nazare e uma avenida mais hostil mesmo recentemente duas motos me fecharam na rua para assaltar escapei mas roubaram o motociclista na minha frente
aproximando	VERB	1	15	1	0	se aproximando de nazare e uma avenida mais hostil mesmo recentemente duas motos me fecharam na rua para assaltar escapei mas roubaram o motociclista na minha frente
de	ADP	0	15	2	0	se aproximando de nazare e uma avenida mais hostil mesmo recentemente duas motos me fecharam na rua para assaltar escapei mas roubaram o motociclista na minha frente
nazare	PROPN	1	15	3	0	se aproximando de nazare e uma avenida mais hostil mesmo recentemente duas motos me fecharam na rua para assaltar escapei mas roubaram o motociclista na minha frente
e	CCONJ	0	15	4	0	se aproximando de nazare e uma avenida mais hostil mesmo recentemente duas motos me fecharam na rua para assaltar escapei mas roubaram o motociclista na minha frente
uma	DET	0	15	5	0	se aproximando de nazare e uma avenida mais hostil mesmo recentemente duas motos me fecharam na rua para assaltar escapei mas roubaram o motociclista na minha frente
avenida	NOUN	0	15	6	0	se aproximando de nazare e uma avenida mais hostil mesmo recentemente duas motos me fecharam na rua para assaltar escapei mas roubaram o motociclista na minha frente
mais	ADV	0	15	7	0	se aproximando de nazare e uma avenida mais hostil mesmo recentemente duas motos me fecharam na rua para assaltar escapei mas roubaram o motociclista na minha frente
hostil	ADJ	0	15	8	0	se aproximando de nazare e uma avenida mais hostil mesmo recentemente duas motos me fecharam na rua para assaltar escapei mas roubaram o motociclista na minha frente
mesmo	ADJ	0	15	9	0	se aproximando de nazare e uma avenida mais hostil mesmo recentemente duas motos me fecharam na rua para assaltar escapei mas roubaram o motociclista na minha frente
recentemente	ADV	0	15	10	0	se aproximando de nazare e uma avenida mais hostil mesmo recentemente duas motos me fecharam na rua para assaltar escapei mas roubaram o motociclista na minha frente
duas	NUM	0	15	11	0	se aproximando de nazare e uma avenida mais hostil mesmo recentemente duas motos me fecharam na rua para assaltar escapei mas roubaram o motociclista na minha frente
motos	NOUN	1	15	12	0	se aproximando de nazare e uma avenida mais hostil mesmo recentemente duas motos me fecharam na rua para assaltar escapei mas roubaram o motociclista na minha frente
me	PRON	0	15	13	0	se aproximando de nazare e uma avenida mais hostil mesmo recentemente duas motos me fecharam na rua para assaltar escapei mas roubaram o motociclista na minha frente
fecharam	VERB	1	15	14	0	se aproximando de nazare e uma avenida mais hostil mesmo recentemente duas motos me fecharam na rua para assaltar escapei mas roubaram o motociclista na minha frente
na	ADP	0	15	15	0	se aproximando de nazare e uma avenida mais hostil mesmo recentemente duas motos me fecharam na rua para assaltar escapei mas roubaram o motociclista na minha frente
rua	NOUN	0	15	16	0	se aproximando de nazare e uma avenida mais hostil mesmo recentemente duas motos me fecharam na rua para assaltar escapei mas roubaram o motociclista na minha frente
para	SCONJ	0	15	17	0	se aproximando de nazare e uma avenida mais hostil mesmo recentemente duas motos me fecharam na rua para assaltar escapei mas roubaram o motociclista na minha frente
assaltar	VERB	1	15	18	0	se aproximando de nazare e uma avenida mais hostil mesmo recentemente duas motos me fecharam na rua para assaltar escapei mas roubaram o motociclista na minha frente
escapei	NOUN	1	15	19	0	se aproximando de nazare e uma avenida mais hostil mesmo recentemente duas motos me fecharam na rua para assaltar escapei mas roubaram o motociclista na minha frente
mas	CCONJ	0	15	20	0	se aproximando de nazare e uma avenida mais hostil mesmo recentemente duas motos me fecharam na rua para assaltar escapei mas roubaram o motociclista na minha frente
roubaram	VERB	1	15	21	0	se aproximando de nazare e uma avenida mais hostil mesmo recentemente duas motos me fecharam na rua para assaltar escapei mas roubaram o motociclista na minha frente
o	DET	0	15	22	0	se aproximando de nazare e uma avenida mais hostil mesmo recentemente duas motos me fecharam na rua para assaltar escapei mas roubaram o motociclista na minha frente
motociclista	NOUN	1	15	23	0	se aproximando de nazare e uma avenida mais hostil mesmo recentemente duas motos me fecharam na rua para assaltar escapei mas roubaram o motociclista na minha frente
na	ADP	0	15	24	0	se aproximando de nazare e uma avenida mais hostil mesmo recentemente duas motos me fecharam na rua para assaltar escapei mas roubaram o motociclista na minha frente
minha	DET	0	15	25	0	se aproximando de nazare e uma avenida mais hostil mesmo recentemente duas motos me fecharam na rua para assaltar escapei mas roubaram o motociclista na minha frente
frente	NOUN	0	15	26	0	se aproximando de nazare e uma avenida mais hostil mesmo recentemente duas motos me fecharam na rua para assaltar escapei mas roubaram o motociclista na minha frente
14	['PRON', 'VERB', 'ADP', 'PROPN', 'CCONJ', 'DET', 'NOUN', 'ADV', 'ADJ', 'ADJ', 'ADV', 'NUM', 'NOUN', 'PRON', 'VERB', 'ADP', 'NOUN', 'SCONJ', 'VERB', 'NOUN', 'CCONJ', 'VERB', 'DET', 'NOUN', 'ADP', 'DET', 'NOUN']	[0, 1, 0, 1, 0, 0, 0, 0, 0, 0, 0, 0, 1, 0, 1, 0, 0, 0, 1, 1, 0, 1, 0, 1, 0, 0, 0]	15	14	1	se aproximando de nazare e uma avenida mais hostil mesmo recentemente duas motos me fecharam na rua para assaltar escapei mas roubaram o motociclista na minha frente
quase	ADV	0	16	0	0	quase fui assaltada na praca da se com um gringo que me chamou pra tomar cafe cara kkkkkkkkkkkkkkkkkkkkkkkkkkkkkkk que terror
fui	AUX	1	16	1	0	quase fui assaltada na praca da se com um gringo que me chamou pra tomar cafe cara kkkkkkkkkkkkkkkkkkkkkkkkkkkkkkk que terror
assaltada	VERB	1	16	2	0	quase fui assaltada na praca da se com um gringo que me chamou pra tomar cafe cara kkkkkkkkkkkkkkkkkkkkkkkkkkkkkkk que terror
na	ADP	0	16	3	0	quase fui assaltada na praca da se com um gringo que me chamou pra tomar cafe cara kkkkkkkkkkkkkkkkkkkkkkkkkkkkkkk que terror
praca	NOUN	1	16	4	0	quase fui assaltada na praca da se com um gringo que me chamou pra tomar cafe cara kkkkkkkkkkkkkkkkkkkkkkkkkkkkkkk que terror
da	ADP	0	16	5	0	quase fui assaltada na praca da se com um gringo que me chamou pra tomar cafe cara kkkkkkkkkkkkkkkkkkkkkkkkkkkkkkk que terror
se	SCONJ	0	16	6	0	quase fui assaltada na praca da se com um gringo que me chamou pra tomar cafe cara kkkkkkkkkkkkkkkkkkkkkkkkkkkkkkk que terror
com	ADP	0	16	7	0	quase fui assaltada na praca da se com um gringo que me chamou pra tomar cafe cara kkkkkkkkkkkkkkkkkkkkkkkkkkkkkkk que terror
um	DET	0	16	8	0	quase fui assaltada na praca da se com um gringo que me chamou pra tomar cafe cara kkkkkkkkkkkkkkkkkkkkkkkkkkkkkkk que terror
gringo	NOUN	1	16	9	0	quase fui assaltada na praca da se com um gringo que me chamou pra tomar cafe cara kkkkkkkkkkkkkkkkkkkkkkkkkkkkkkk que terror
que	PRON	0	16	10	0	quase fui assaltada na praca da se com um gringo que me chamou pra tomar cafe cara kkkkkkkkkkkkkkkkkkkkkkkkkkkkkkk que terror
me	PRON	0	16	11	0	quase fui assaltada na praca da se com um gringo que me chamou pra tomar cafe cara kkkkkkkkkkkkkkkkkkkkkkkkkkkkkkk que terror
chamou	VERB	0	16	12	0	quase fui assaltada na praca da se com um gringo que me chamou pra tomar cafe cara kkkkkkkkkkkkkkkkkkkkkkkkkkkkkkk que terror
pra	SCONJ	0	16	13	0	quase fui assaltada na praca da se com um gringo que me chamou pra tomar cafe cara kkkkkkkkkkkkkkkkkkkkkkkkkkkkkkk que terror
tomar	VERB	0	16	14	0	quase fui assaltada na praca da se com um gringo que me chamou pra tomar cafe cara kkkkkkkkkkkkkkkkkkkkkkkkkkkkkkk que terror
cafe	NOUN	0	16	15	0	quase fui assaltada na praca da se com um gringo que me chamou pra tomar cafe cara kkkkkkkkkkkkkkkkkkkkkkkkkkkkkkk que terror
cara	NOUN	0	16	16	0	quase fui assaltada na praca da se com um gringo que me chamou pra tomar cafe cara kkkkkkkkkkkkkkkkkkkkkkkkkkkkkkk que terror
kkkkkkkkkkkkkkkkkkkkkkkkkkkkkkk	VERB	1	16	17	0	quase fui assaltada na praca da se com um gringo que me chamou pra tomar cafe cara kkkkkkkkkkkkkkkkkkkkkkkkkkkkkkk que terror
que	SCONJ	0	16	18	0	quase fui assaltada na praca da se com um gringo que me chamou pra tomar cafe cara kkkkkkkkkkkkkkkkkkkkkkkkkkkkkkk que terror
terror	NOUN	0	16	19	0	quase fui assaltada na praca da se com um gringo que me chamou pra tomar cafe cara kkkkkkkkkkkkkkkkkkkkkkkkkkkkkkk que terror
15	['ADV', 'AUX', 'VERB', 'ADP', 'NOUN', 'ADP', 'SCONJ', 'ADP', 'DET', 'NOUN', 'PRON', 'PRON', 'VERB', 'SCONJ', 'VERB', 'NOUN', 'NOUN', 'VERB', 'SCONJ', 'NOUN']	[0, 1, 1, 0, 1, 0, 0, 0, 0, 1, 0, 0, 0, 0, 0, 0, 0, 1, 0, 0]	16	15	1	quase fui assaltada na praca da se com um gringo que me chamou pra tomar cafe cara kkkkkkkkkkkkkkkkkkkkkkkkkkkkkkk que terror
mds	NOUN	1	17	0	0	mds furtaram um cachorro aqui no meu bairro
furtaram	VERB	1	17	1	0	mds furtaram um cachorro aqui no meu bairro
um	DET	0	17	2	0	mds furtaram um cachorro aqui no meu bairro
cachorro	NOUN	0	17	3	0	mds furtaram um cachorro aqui no meu bairro
aqui	ADV	0	17	4	0	mds furtaram um cachorro aqui no meu bairro
no	ADP	0	17	5	0	mds furtaram um cachorro aqui no meu bairro
meu	DET	0	17	6	0	mds furtaram um cachorro aqui no meu bairro
bairro	NOUN	0	17	7	0	mds furtaram um cachorro aqui no meu bairro
16	['NOUN', 'VERB', 'DET', 'NOUN', 'ADV', 'ADP', 'DET', 'NOUN']	[1, 1, 0, 0, 0, 0, 0, 0]	17	16	1	mds furtaram um cachorro aqui no meu bairro
videos	NOUN	1	18	0	0	videos mostram assaltos na praca de casa forte no recife g1
mostram	VERB	0	18	1	0	videos mostram assaltos na praca de casa forte no recife g1
assaltos	NOUN	1	18	2	0	videos mostram assaltos na praca de casa forte no recife g1
na	ADP	0	18	3	0	videos mostram assaltos na praca de casa forte no recife g1
praca	NOUN	1	18	4	0	videos mostram assaltos na praca de casa forte no recife g1
de	ADP	0	18	5	0	videos mostram assaltos na praca de casa forte no recife g1
casa	NOUN	0	18	6	0	videos mostram assaltos na praca de casa forte no recife g1
forte	ADJ	0	18	7	0	videos mostram assaltos na praca de casa forte no recife g1
no	ADP	0	18	8	0	videos mostram assaltos na praca de casa forte no recife g1
recife	PROPN	1	18	9	0	videos mostram assaltos na praca de casa forte no recife g1
g1	PROPN	1	18	10	0	videos mostram assaltos na praca de casa forte no recife g1
17	['NOUN', 'VERB', 'NOUN', 'ADP', 'NOUN', 'ADP', 'NOUN', 'ADJ', 'ADP', 'PROPN', 'PROPN']	[1, 0, 1, 0, 1, 0, 0, 0, 0, 1, 1]	18	17	1	videos mostram assaltos na praca de casa forte no recife g1
e	CCONJ	0	19	0	0	e caso inusitado que voces querem a grama do canteiro central da principal avenida de passo fundo foi furtada na reportagem foto e video gauchazh
caso	NOUN	0	19	1	0	e caso inusitado que voces querem a grama do canteiro central da principal avenida de passo fundo foi furtada na reportagem foto e video gauchazh
inusitado	ADJ	1	19	2	0	e caso inusitado que voces querem a grama do canteiro central da principal avenida de passo fundo foi furtada na reportagem foto e video gauchazh
que	PRON	0	19	3	0	e caso inusitado que voces querem a grama do canteiro central da principal avenida de passo fundo foi furtada na reportagem foto e video gauchazh
voces	NOUN	1	19	4	0	e caso inusitado que voces querem a grama do canteiro central da principal avenida de passo fundo foi furtada na reportagem foto e video gauchazh
querem	VERB	0	19	5	0	e caso inusitado que voces querem a grama do canteiro central da principal avenida de passo fundo foi furtada na reportagem foto e video gauchazh
a	DET	0	19	6	0	e caso inusitado que voces querem a grama do canteiro central da principal avenida de passo fundo foi furtada na reportagem foto e video gauchazh
grama	NOUN	0	19	7	0	e caso inusitado que voces querem a grama do canteiro central da principal avenida de passo fundo foi furtada na reportagem foto e video gauchazh
do	ADP	0	19	8	0	e caso inusitado que voces querem a grama do canteiro central da principal avenida de passo fundo foi furtada na reportagem foto e video gauchazh
canteiro	NOUN	1	19	9	0	e caso inusitado que voces querem a grama do canteiro central da principal avenida de passo fundo foi furtada na reportagem foto e video gauchazh
central	ADJ	0	19	10	0	e caso inusitado que voces querem a grama do canteiro central da principal avenida de passo fundo foi furtada na reportagem foto e video gauchazh
da	ADP	0	19	11	0	e caso inusitado que voces querem a grama do canteiro central da principal avenida de passo fundo foi furtada na reportagem foto e video gauchazh
principal	ADJ	0	19	12	0	e caso inusitado que voces querem a grama do canteiro central da principal avenida de passo fundo foi furtada na reportagem foto e video gauchazh
avenida	NOUN	0	19	13	0	e caso inusitado que voces querem a grama do canteiro central da principal avenida de passo fundo foi furtada na reportagem foto e video gauchazh
de	ADP	0	19	14	0	e caso inusitado que voces querem a grama do canteiro central da principal avenida de passo fundo foi furtada na reportagem foto e video gauchazh
passo	NOUN	0	19	15	0	e caso inusitado que voces querem a grama do canteiro central da principal avenida de passo fundo foi furtada na reportagem foto e video gauchazh
fundo	ADV	0	19	16	0	e caso inusitado que voces querem a grama do canteiro central da principal avenida de passo fundo foi furtada na reportagem foto e video gauchazh
foi	AUX	0	19	17	0	e caso inusitado que voces querem a grama do canteiro central da principal avenida de passo fundo foi furtada na reportagem foto e video gauchazh
furtada	VERB	1	19	18	0	e caso inusitado que voces querem a grama do canteiro central da principal avenida de passo fundo foi furtada na reportagem foto e video gauchazh
na	ADP	0	19	19	0	e caso inusitado que voces querem a grama do canteiro central da principal avenida de passo fundo foi furtada na reportagem foto e video gauchazh
reportagem	NOUN	0	19	20	0	e caso inusitado que voces querem a grama do canteiro central da principal avenida de passo fundo foi furtada na reportagem foto e video gauchazh
foto	VERB	0	19	21	0	e caso inusitado que voces querem a grama do canteiro central da principal avenida de passo fundo foi furtada na reportagem foto e video gauchazh
e	CCONJ	0	19	22	0	e caso inusitado que voces querem a grama do canteiro central da principal avenida de passo fundo foi furtada na reportagem foto e video gauchazh
video	PROPN	0	19	23	0	e caso inusitado que voces querem a grama do canteiro central da principal avenida de passo fundo foi furtada na reportagem foto e video gauchazh
gauchazh	PROPN	1	19	24	0	e caso inusitado que voces querem a grama do canteiro central da principal avenida de passo fundo foi furtada na reportagem foto e video gauchazh
18	['CCONJ', 'NOUN', 'ADJ', 'PRON', 'NOUN', 'VERB', 'DET', 'NOUN', 'ADP', 'NOUN', 'ADJ', 'ADP', 'ADJ', 'NOUN', 'ADP', 'NOUN', 'ADV', 'AUX', 'VERB', 'ADP', 'NOUN', 'VERB', 'CCONJ', 'PROPN', 'PROPN']	[0, 0, 1, 0, 1, 0, 0, 0, 0, 1, 0, 0, 0, 0, 0, 0, 0, 0, 1, 0, 0, 0, 0, 0, 1]	19	18	1	e caso inusitado que voces querem a grama do canteiro central da principal avenida de passo fundo foi furtada na reportagem foto e video gauchazh
segundo	ADP	0	20	0	0	segundo a policia militar dois assaltos foram registrados na cidade nesta segundafeira 3 um deles foi em uma loja de roupas na avenida brasil leia a noticia na integra
a	DET	0	20	1	0	segundo a policia militar dois assaltos foram registrados na cidade nesta segundafeira 3 um deles foi em uma loja de roupas na avenida brasil leia a noticia na integra
policia	NOUN	1	20	2	0	segundo a policia militar dois assaltos foram registrados na cidade nesta segundafeira 3 um deles foi em uma loja de roupas na avenida brasil leia a noticia na integra
militar	ADJ	0	20	3	0	segundo a policia militar dois assaltos foram registrados na cidade nesta segundafeira 3 um deles foi em uma loja de roupas na avenida brasil leia a noticia na integra
dois	NUM	0	20	4	0	segundo a policia militar dois assaltos foram registrados na cidade nesta segundafeira 3 um deles foi em uma loja de roupas na avenida brasil leia a noticia na integra
assaltos	NOUN	1	20	5	0	segundo a policia militar dois assaltos foram registrados na cidade nesta segundafeira 3 um deles foi em uma loja de roupas na avenida brasil leia a noticia na integra
foram	AUX	0	20	6	0	segundo a policia militar dois assaltos foram registrados na cidade nesta segundafeira 3 um deles foi em uma loja de roupas na avenida brasil leia a noticia na integra
registrados	VERB	0	20	7	0	segundo a policia militar dois assaltos foram registrados na cidade nesta segundafeira 3 um deles foi em uma loja de roupas na avenida brasil leia a noticia na integra
na	ADP	0	20	8	0	segundo a policia militar dois assaltos foram registrados na cidade nesta segundafeira 3 um deles foi em uma loja de roupas na avenida brasil leia a noticia na integra
cidade	NOUN	0	20	9	0	segundo a policia militar dois assaltos foram registrados na cidade nesta segundafeira 3 um deles foi em uma loja de roupas na avenida brasil leia a noticia na integra
nesta	ADP	0	20	10	0	segundo a policia militar dois assaltos foram registrados na cidade nesta segundafeira 3 um deles foi em uma loja de roupas na avenida brasil leia a noticia na integra
segundafeira	NOUN	1	20	11	0	segundo a policia militar dois assaltos foram registrados na cidade nesta segundafeira 3 um deles foi em uma loja de roupas na avenida brasil leia a noticia na integra
3	NUM	0	20	12	0	segundo a policia militar dois assaltos foram registrados na cidade nesta segundafeira 3 um deles foi em uma loja de roupas na avenida brasil leia a noticia na integra
um	NUM	0	20	13	0	segundo a policia militar dois assaltos foram registrados na cidade nesta segundafeira 3 um deles foi em uma loja de roupas na avenida brasil leia a noticia na integra
deles	PRON	0	20	14	0	segundo a policia militar dois assaltos foram registrados na cidade nesta segundafeira 3 um deles foi em uma loja de roupas na avenida brasil leia a noticia na integra
foi	VERB	0	20	15	0	segundo a policia militar dois assaltos foram registrados na cidade nesta segundafeira 3 um deles foi em uma loja de roupas na avenida brasil leia a noticia na integra
em	ADP	0	20	16	0	segundo a policia militar dois assaltos foram registrados na cidade nesta segundafeira 3 um deles foi em uma loja de roupas na avenida brasil leia a noticia na integra
uma	DET	0	20	17	0	segundo a policia militar dois assaltos foram registrados na cidade nesta segundafeira 3 um deles foi em uma loja de roupas na avenida brasil leia a noticia na integra
loja	NOUN	0	20	18	0	segundo a policia militar dois assaltos foram registrados na cidade nesta segundafeira 3 um deles foi em uma loja de roupas na avenida brasil leia a noticia na integra
de	ADP	0	20	19	0	segundo a policia militar dois assaltos foram registrados na cidade nesta segundafeira 3 um deles foi em uma loja de roupas na avenida brasil leia a noticia na integra
roupas	NOUN	0	20	20	0	segundo a policia militar dois assaltos foram registrados na cidade nesta segundafeira 3 um deles foi em uma loja de roupas na avenida brasil leia a noticia na integra
na	ADP	0	20	21	0	segundo a policia militar dois assaltos foram registrados na cidade nesta segundafeira 3 um deles foi em uma loja de roupas na avenida brasil leia a noticia na integra
avenida	NOUN	0	20	22	0	segundo a policia militar dois assaltos foram registrados na cidade nesta segundafeira 3 um deles foi em uma loja de roupas na avenida brasil leia a noticia na integra
brasil	PROPN	1	20	23	0	segundo a policia militar dois assaltos foram registrados na cidade nesta segundafeira 3 um deles foi em uma loja de roupas na avenida brasil leia a noticia na integra
leia	VERB	1	20	24	0	segundo a policia militar dois assaltos foram registrados na cidade nesta segundafeira 3 um deles foi em uma loja de roupas na avenida brasil leia a noticia na integra
a	DET	0	20	25	0	segundo a policia militar dois assaltos foram registrados na cidade nesta segundafeira 3 um deles foi em uma loja de roupas na avenida brasil leia a noticia na integra
noticia	NOUN	1	20	26	0	segundo a policia militar dois assaltos foram registrados na cidade nesta segundafeira 3 um deles foi em uma loja de roupas na avenida brasil leia a noticia na integra
na	ADP	0	20	27	0	segundo a policia militar dois assaltos foram registrados na cidade nesta segundafeira 3 um deles foi em uma loja de roupas na avenida brasil leia a noticia na integra
integra	VERB	0	20	28	0	segundo a policia militar dois assaltos foram registrados na cidade nesta segundafeira 3 um deles foi em uma loja de roupas na avenida brasil leia a noticia na integra
19	['ADP', 'DET', 'NOUN', 'ADJ', 'NUM', 'NOUN', 'AUX', 'VERB', 'ADP', 'NOUN', 'ADP', 'NOUN', 'NUM', 'NUM', 'PRON', 'VERB', 'ADP', 'DET', 'NOUN', 'ADP', 'NOUN', 'ADP', 'NOUN', 'PROPN', 'VERB', 'DET', 'NOUN', 'ADP', 'VERB']	[0, 0, 1, 0, 0, 1, 0, 0, 0, 0, 0, 1, 0, 0, 0, 0, 0, 0, 0, 0, 0, 0, 0, 1, 1, 0, 1, 0, 0]	20	19	1	segundo a policia militar dois assaltos foram registrados na cidade nesta segundafeira 3 um deles foi em uma loja de roupas na avenida brasil leia a noticia na integra
uma	DET	0	21	0	0	uma briga de transito acabou na morte de walter gomes de azevedo de 38 anos na manha do dia 19 de setembro o incidente aconteceu na movimentada avenida filemon gomes perto da praia da leste em fortaleza ce quando walter foi mudar de pista aca
briga	NOUN	0	21	1	0	uma briga de transito acabou na morte de walter gomes de azevedo de 38 anos na manha do dia 19 de setembro o incidente aconteceu na movimentada avenida filemon gomes perto da praia da leste em fortaleza ce quando walter foi mudar de pista aca
de	ADP	0	21	2	0	uma briga de transito acabou na morte de walter gomes de azevedo de 38 anos na manha do dia 19 de setembro o incidente aconteceu na movimentada avenida filemon gomes perto da praia da leste em fortaleza ce quando walter foi mudar de pista aca
transito	NOUN	1	21	3	0	uma briga de transito acabou na morte de walter gomes de azevedo de 38 anos na manha do dia 19 de setembro o incidente aconteceu na movimentada avenida filemon gomes perto da praia da leste em fortaleza ce quando walter foi mudar de pista aca
acabou	VERB	0	21	4	0	uma briga de transito acabou na morte de walter gomes de azevedo de 38 anos na manha do dia 19 de setembro o incidente aconteceu na movimentada avenida filemon gomes perto da praia da leste em fortaleza ce quando walter foi mudar de pista aca
na	ADP	0	21	5	0	uma briga de transito acabou na morte de walter gomes de azevedo de 38 anos na manha do dia 19 de setembro o incidente aconteceu na movimentada avenida filemon gomes perto da praia da leste em fortaleza ce quando walter foi mudar de pista aca
morte	NOUN	0	21	6	0	uma briga de transito acabou na morte de walter gomes de azevedo de 38 anos na manha do dia 19 de setembro o incidente aconteceu na movimentada avenida filemon gomes perto da praia da leste em fortaleza ce quando walter foi mudar de pista aca
de	ADP	0	21	7	0	uma briga de transito acabou na morte de walter gomes de azevedo de 38 anos na manha do dia 19 de setembro o incidente aconteceu na movimentada avenida filemon gomes perto da praia da leste em fortaleza ce quando walter foi mudar de pista aca
walter	PROPN	1	21	8	0	uma briga de transito acabou na morte de walter gomes de azevedo de 38 anos na manha do dia 19 de setembro o incidente aconteceu na movimentada avenida filemon gomes perto da praia da leste em fortaleza ce quando walter foi mudar de pista aca
gomes	PROPN	1	21	9	0	uma briga de transito acabou na morte de walter gomes de azevedo de 38 anos na manha do dia 19 de setembro o incidente aconteceu na movimentada avenida filemon gomes perto da praia da leste em fortaleza ce quando walter foi mudar de pista aca
de	ADP	0	21	10	0	uma briga de transito acabou na morte de walter gomes de azevedo de 38 anos na manha do dia 19 de setembro o incidente aconteceu na movimentada avenida filemon gomes perto da praia da leste em fortaleza ce quando walter foi mudar de pista aca
azevedo	PROPN	1	21	11	0	uma briga de transito acabou na morte de walter gomes de azevedo de 38 anos na manha do dia 19 de setembro o incidente aconteceu na movimentada avenida filemon gomes perto da praia da leste em fortaleza ce quando walter foi mudar de pista aca
de	ADP	0	21	12	0	uma briga de transito acabou na morte de walter gomes de azevedo de 38 anos na manha do dia 19 de setembro o incidente aconteceu na movimentada avenida filemon gomes perto da praia da leste em fortaleza ce quando walter foi mudar de pista aca
38	NUM	0	21	13	0	uma briga de transito acabou na morte de walter gomes de azevedo de 38 anos na manha do dia 19 de setembro o incidente aconteceu na movimentada avenida filemon gomes perto da praia da leste em fortaleza ce quando walter foi mudar de pista aca
anos	NOUN	0	21	14	0	uma briga de transito acabou na morte de walter gomes de azevedo de 38 anos na manha do dia 19 de setembro o incidente aconteceu na movimentada avenida filemon gomes perto da praia da leste em fortaleza ce quando walter foi mudar de pista aca
na	ADP	0	21	15	0	uma briga de transito acabou na morte de walter gomes de azevedo de 38 anos na manha do dia 19 de setembro o incidente aconteceu na movimentada avenida filemon gomes perto da praia da leste em fortaleza ce quando walter foi mudar de pista aca
manha	NOUN	1	21	16	0	uma briga de transito acabou na morte de walter gomes de azevedo de 38 anos na manha do dia 19 de setembro o incidente aconteceu na movimentada avenida filemon gomes perto da praia da leste em fortaleza ce quando walter foi mudar de pista aca
do	ADP	0	21	17	0	uma briga de transito acabou na morte de walter gomes de azevedo de 38 anos na manha do dia 19 de setembro o incidente aconteceu na movimentada avenida filemon gomes perto da praia da leste em fortaleza ce quando walter foi mudar de pista aca
dia	NOUN	0	21	18	0	uma briga de transito acabou na morte de walter gomes de azevedo de 38 anos na manha do dia 19 de setembro o incidente aconteceu na movimentada avenida filemon gomes perto da praia da leste em fortaleza ce quando walter foi mudar de pista aca
19	NUM	0	21	19	0	uma briga de transito acabou na morte de walter gomes de azevedo de 38 anos na manha do dia 19 de setembro o incidente aconteceu na movimentada avenida filemon gomes perto da praia da leste em fortaleza ce quando walter foi mudar de pista aca
de	ADP	0	21	20	0	uma briga de transito acabou na morte de walter gomes de azevedo de 38 anos na manha do dia 19 de setembro o incidente aconteceu na movimentada avenida filemon gomes perto da praia da leste em fortaleza ce quando walter foi mudar de pista aca
setembro	NOUN	0	21	21	0	uma briga de transito acabou na morte de walter gomes de azevedo de 38 anos na manha do dia 19 de setembro o incidente aconteceu na movimentada avenida filemon gomes perto da praia da leste em fortaleza ce quando walter foi mudar de pista aca
o	DET	0	21	22	0	uma briga de transito acabou na morte de walter gomes de azevedo de 38 anos na manha do dia 19 de setembro o incidente aconteceu na movimentada avenida filemon gomes perto da praia da leste em fortaleza ce quando walter foi mudar de pista aca
incidente	NOUN	0	21	23	0	uma briga de transito acabou na morte de walter gomes de azevedo de 38 anos na manha do dia 19 de setembro o incidente aconteceu na movimentada avenida filemon gomes perto da praia da leste em fortaleza ce quando walter foi mudar de pista aca
aconteceu	VERB	0	21	24	0	uma briga de transito acabou na morte de walter gomes de azevedo de 38 anos na manha do dia 19 de setembro o incidente aconteceu na movimentada avenida filemon gomes perto da praia da leste em fortaleza ce quando walter foi mudar de pista aca
na	ADP	0	21	25	0	uma briga de transito acabou na morte de walter gomes de azevedo de 38 anos na manha do dia 19 de setembro o incidente aconteceu na movimentada avenida filemon gomes perto da praia da leste em fortaleza ce quando walter foi mudar de pista aca
movimentada	ADJ	1	21	26	0	uma briga de transito acabou na morte de walter gomes de azevedo de 38 anos na manha do dia 19 de setembro o incidente aconteceu na movimentada avenida filemon gomes perto da praia da leste em fortaleza ce quando walter foi mudar de pista aca
avenida	NOUN	0	21	27	0	uma briga de transito acabou na morte de walter gomes de azevedo de 38 anos na manha do dia 19 de setembro o incidente aconteceu na movimentada avenida filemon gomes perto da praia da leste em fortaleza ce quando walter foi mudar de pista aca
filemon	PROPN	1	21	28	0	uma briga de transito acabou na morte de walter gomes de azevedo de 38 anos na manha do dia 19 de setembro o incidente aconteceu na movimentada avenida filemon gomes perto da praia da leste em fortaleza ce quando walter foi mudar de pista aca
gomes	PROPN	1	21	29	0	uma briga de transito acabou na morte de walter gomes de azevedo de 38 anos na manha do dia 19 de setembro o incidente aconteceu na movimentada avenida filemon gomes perto da praia da leste em fortaleza ce quando walter foi mudar de pista aca
perto	ADV	0	21	30	0	uma briga de transito acabou na morte de walter gomes de azevedo de 38 anos na manha do dia 19 de setembro o incidente aconteceu na movimentada avenida filemon gomes perto da praia da leste em fortaleza ce quando walter foi mudar de pista aca
da	ADP	0	21	31	0	uma briga de transito acabou na morte de walter gomes de azevedo de 38 anos na manha do dia 19 de setembro o incidente aconteceu na movimentada avenida filemon gomes perto da praia da leste em fortaleza ce quando walter foi mudar de pista aca
praia	PROPN	0	21	32	0	uma briga de transito acabou na morte de walter gomes de azevedo de 38 anos na manha do dia 19 de setembro o incidente aconteceu na movimentada avenida filemon gomes perto da praia da leste em fortaleza ce quando walter foi mudar de pista aca
da	ADP	0	21	33	0	uma briga de transito acabou na morte de walter gomes de azevedo de 38 anos na manha do dia 19 de setembro o incidente aconteceu na movimentada avenida filemon gomes perto da praia da leste em fortaleza ce quando walter foi mudar de pista aca
leste	NOUN	0	21	34	0	uma briga de transito acabou na morte de walter gomes de azevedo de 38 anos na manha do dia 19 de setembro o incidente aconteceu na movimentada avenida filemon gomes perto da praia da leste em fortaleza ce quando walter foi mudar de pista aca
em	ADP	0	21	35	0	uma briga de transito acabou na morte de walter gomes de azevedo de 38 anos na manha do dia 19 de setembro o incidente aconteceu na movimentada avenida filemon gomes perto da praia da leste em fortaleza ce quando walter foi mudar de pista aca
fortaleza	NOUN	0	21	36	0	uma briga de transito acabou na morte de walter gomes de azevedo de 38 anos na manha do dia 19 de setembro o incidente aconteceu na movimentada avenida filemon gomes perto da praia da leste em fortaleza ce quando walter foi mudar de pista aca
ce	PROPN	0	21	37	0	uma briga de transito acabou na morte de walter gomes de azevedo de 38 anos na manha do dia 19 de setembro o incidente aconteceu na movimentada avenida filemon gomes perto da praia da leste em fortaleza ce quando walter foi mudar de pista aca
quando	ADV	0	21	38	0	uma briga de transito acabou na morte de walter gomes de azevedo de 38 anos na manha do dia 19 de setembro o incidente aconteceu na movimentada avenida filemon gomes perto da praia da leste em fortaleza ce quando walter foi mudar de pista aca
walter	PROPN	1	21	39	0	uma briga de transito acabou na morte de walter gomes de azevedo de 38 anos na manha do dia 19 de setembro o incidente aconteceu na movimentada avenida filemon gomes perto da praia da leste em fortaleza ce quando walter foi mudar de pista aca
foi	AUX	0	21	40	0	uma briga de transito acabou na morte de walter gomes de azevedo de 38 anos na manha do dia 19 de setembro o incidente aconteceu na movimentada avenida filemon gomes perto da praia da leste em fortaleza ce quando walter foi mudar de pista aca
mudar	VERB	0	21	41	0	uma briga de transito acabou na morte de walter gomes de azevedo de 38 anos na manha do dia 19 de setembro o incidente aconteceu na movimentada avenida filemon gomes perto da praia da leste em fortaleza ce quando walter foi mudar de pista aca
de	ADP	0	21	42	0	uma briga de transito acabou na morte de walter gomes de azevedo de 38 anos na manha do dia 19 de setembro o incidente aconteceu na movimentada avenida filemon gomes perto da praia da leste em fortaleza ce quando walter foi mudar de pista aca
pista	NOUN	0	21	43	0	uma briga de transito acabou na morte de walter gomes de azevedo de 38 anos na manha do dia 19 de setembro o incidente aconteceu na movimentada avenida filemon gomes perto da praia da leste em fortaleza ce quando walter foi mudar de pista aca
aca	ADJ	0	21	44	0	uma briga de transito acabou na morte de walter gomes de azevedo de 38 anos na manha do dia 19 de setembro o incidente aconteceu na movimentada avenida filemon gomes perto da praia da leste em fortaleza ce quando walter foi mudar de pista aca
20	['DET', 'NOUN', 'ADP', 'NOUN', 'VERB', 'ADP', 'NOUN', 'ADP', 'PROPN', 'PROPN', 'ADP', 'PROPN', 'ADP', 'NUM', 'NOUN', 'ADP', 'NOUN', 'ADP', 'NOUN', 'NUM', 'ADP', 'NOUN', 'DET', 'NOUN', 'VERB', 'ADP', 'ADJ', 'NOUN', 'PROPN', 'PROPN', 'ADV', 'ADP', 'PROPN', 'ADP', 'NOUN', 'ADP', 'NOUN', 'PROPN', 'ADV', 'PROPN', 'AUX', 'VERB', 'ADP', 'NOUN', 'ADJ']	[0, 0, 0, 1, 0, 0, 0, 0, 1, 1, 0, 1, 0, 0, 0, 0, 1, 0, 0, 0, 0, 0, 0, 0, 0, 0, 1, 0, 1, 1, 0, 0, 0, 0, 0, 0, 0, 0, 0, 1, 0, 0, 0, 0, 0]	21	20	1	uma briga de transito acabou na morte de walter gomes de azevedo de 38 anos na manha do dia 19 de setembro o incidente aconteceu na movimentada avenida filemon gomes perto da praia da leste em fortaleza ce quando walter foi mudar de pista aca
por	ADP	0	22	0	0	por isso a normalizacao desses ataques em plena rua ninguem faz nada isso e um absurdo
isso	PRON	0	22	1	0	por isso a normalizacao desses ataques em plena rua ninguem faz nada isso e um absurdo
a	ADP	0	22	2	0	por isso a normalizacao desses ataques em plena rua ninguem faz nada isso e um absurdo
normalizacao	NOUN	1	22	3	0	por isso a normalizacao desses ataques em plena rua ninguem faz nada isso e um absurdo
desses	ADP	0	22	4	0	por isso a normalizacao desses ataques em plena rua ninguem faz nada isso e um absurdo
ataques	NOUN	0	22	5	0	por isso a normalizacao desses ataques em plena rua ninguem faz nada isso e um absurdo
em	ADP	0	22	6	0	por isso a normalizacao desses ataques em plena rua ninguem faz nada isso e um absurdo
plena	ADJ	0	22	7	0	por isso a normalizacao desses ataques em plena rua ninguem faz nada isso e um absurdo
rua	NOUN	0	22	8	0	por isso a normalizacao desses ataques em plena rua ninguem faz nada isso e um absurdo
ninguem	ADV	1	22	9	0	por isso a normalizacao desses ataques em plena rua ninguem faz nada isso e um absurdo
faz	VERB	0	22	10	0	por isso a normalizacao desses ataques em plena rua ninguem faz nada isso e um absurdo
nada	PRON	0	22	11	0	por isso a normalizacao desses ataques em plena rua ninguem faz nada isso e um absurdo
isso	PRON	0	22	12	0	por isso a normalizacao desses ataques em plena rua ninguem faz nada isso e um absurdo
e	CCONJ	0	22	13	0	por isso a normalizacao desses ataques em plena rua ninguem faz nada isso e um absurdo
um	DET	0	22	14	0	por isso a normalizacao desses ataques em plena rua ninguem faz nada isso e um absurdo
absurdo	ADJ	1	22	15	0	por isso a normalizacao desses ataques em plena rua ninguem faz nada isso e um absurdo
21	['ADP', 'PRON', 'ADP', 'NOUN', 'ADP', 'NOUN', 'ADP', 'ADJ', 'NOUN', 'ADV', 'VERB', 'PRON', 'PRON', 'CCONJ', 'DET', 'ADJ']	[0, 0, 0, 1, 0, 0, 0, 0, 0, 1, 0, 0, 0, 0, 0, 1]	22	21	1	por isso a normalizacao desses ataques em plena rua ninguem faz nada isso e um absurdo
ataques	NOUN	0	23	0	0	ataques violentos a escolas ja deixaram 6 mortos neste ano relembre os casos em abril um homem de 25 anos invadiu a creche cantinho do bom pastor no bairro velha e matou as quatro criancas diarioregional ataques escolas mortes
violentos	ADJ	0	23	1	0	ataques violentos a escolas ja deixaram 6 mortos neste ano relembre os casos em abril um homem de 25 anos invadiu a creche cantinho do bom pastor no bairro velha e matou as quatro criancas diarioregional ataques escolas mortes
a	ADP	0	23	2	0	ataques violentos a escolas ja deixaram 6 mortos neste ano relembre os casos em abril um homem de 25 anos invadiu a creche cantinho do bom pastor no bairro velha e matou as quatro criancas diarioregional ataques escolas mortes
escolas	NOUN	0	23	3	0	ataques violentos a escolas ja deixaram 6 mortos neste ano relembre os casos em abril um homem de 25 anos invadiu a creche cantinho do bom pastor no bairro velha e matou as quatro criancas diarioregional ataques escolas mortes
ja	PROPN	0	23	4	0	ataques violentos a escolas ja deixaram 6 mortos neste ano relembre os casos em abril um homem de 25 anos invadiu a creche cantinho do bom pastor no bairro velha e matou as quatro criancas diarioregional ataques escolas mortes
deixaram	VERB	0	23	5	0	ataques violentos a escolas ja deixaram 6 mortos neste ano relembre os casos em abril um homem de 25 anos invadiu a creche cantinho do bom pastor no bairro velha e matou as quatro criancas diarioregional ataques escolas mortes
6	NUM	0	23	6	0	ataques violentos a escolas ja deixaram 6 mortos neste ano relembre os casos em abril um homem de 25 anos invadiu a creche cantinho do bom pastor no bairro velha e matou as quatro criancas diarioregional ataques escolas mortes
mortos	NOUN	0	23	7	0	ataques violentos a escolas ja deixaram 6 mortos neste ano relembre os casos em abril um homem de 25 anos invadiu a creche cantinho do bom pastor no bairro velha e matou as quatro criancas diarioregional ataques escolas mortes
neste	ADP	0	23	8	0	ataques violentos a escolas ja deixaram 6 mortos neste ano relembre os casos em abril um homem de 25 anos invadiu a creche cantinho do bom pastor no bairro velha e matou as quatro criancas diarioregional ataques escolas mortes
ano	NOUN	0	23	9	0	ataques violentos a escolas ja deixaram 6 mortos neste ano relembre os casos em abril um homem de 25 anos invadiu a creche cantinho do bom pastor no bairro velha e matou as quatro criancas diarioregional ataques escolas mortes
relembre	VERB	1	23	10	0	ataques violentos a escolas ja deixaram 6 mortos neste ano relembre os casos em abril um homem de 25 anos invadiu a creche cantinho do bom pastor no bairro velha e matou as quatro criancas diarioregional ataques escolas mortes
os	DET	0	23	11	0	ataques violentos a escolas ja deixaram 6 mortos neste ano relembre os casos em abril um homem de 25 anos invadiu a creche cantinho do bom pastor no bairro velha e matou as quatro criancas diarioregional ataques escolas mortes
casos	NOUN	0	23	12	0	ataques violentos a escolas ja deixaram 6 mortos neste ano relembre os casos em abril um homem de 25 anos invadiu a creche cantinho do bom pastor no bairro velha e matou as quatro criancas diarioregional ataques escolas mortes
em	ADP	0	23	13	0	ataques violentos a escolas ja deixaram 6 mortos neste ano relembre os casos em abril um homem de 25 anos invadiu a creche cantinho do bom pastor no bairro velha e matou as quatro criancas diarioregional ataques escolas mortes
abril	NOUN	0	23	14	0	ataques violentos a escolas ja deixaram 6 mortos neste ano relembre os casos em abril um homem de 25 anos invadiu a creche cantinho do bom pastor no bairro velha e matou as quatro criancas diarioregional ataques escolas mortes
um	DET	0	23	15	0	ataques violentos a escolas ja deixaram 6 mortos neste ano relembre os casos em abril um homem de 25 anos invadiu a creche cantinho do bom pastor no bairro velha e matou as quatro criancas diarioregional ataques escolas mortes
homem	NOUN	0	23	16	0	ataques violentos a escolas ja deixaram 6 mortos neste ano relembre os casos em abril um homem de 25 anos invadiu a creche cantinho do bom pastor no bairro velha e matou as quatro criancas diarioregional ataques escolas mortes
de	ADP	0	23	17	0	ataques violentos a escolas ja deixaram 6 mortos neste ano relembre os casos em abril um homem de 25 anos invadiu a creche cantinho do bom pastor no bairro velha e matou as quatro criancas diarioregional ataques escolas mortes
25	NUM	0	23	18	0	ataques violentos a escolas ja deixaram 6 mortos neste ano relembre os casos em abril um homem de 25 anos invadiu a creche cantinho do bom pastor no bairro velha e matou as quatro criancas diarioregional ataques escolas mortes
anos	NOUN	0	23	19	0	ataques violentos a escolas ja deixaram 6 mortos neste ano relembre os casos em abril um homem de 25 anos invadiu a creche cantinho do bom pastor no bairro velha e matou as quatro criancas diarioregional ataques escolas mortes
invadiu	VERB	0	23	20	0	ataques violentos a escolas ja deixaram 6 mortos neste ano relembre os casos em abril um homem de 25 anos invadiu a creche cantinho do bom pastor no bairro velha e matou as quatro criancas diarioregional ataques escolas mortes
a	DET	0	23	21	0	ataques violentos a escolas ja deixaram 6 mortos neste ano relembre os casos em abril um homem de 25 anos invadiu a creche cantinho do bom pastor no bairro velha e matou as quatro criancas diarioregional ataques escolas mortes
creche	PROPN	1	23	22	0	ataques violentos a escolas ja deixaram 6 mortos neste ano relembre os casos em abril um homem de 25 anos invadiu a creche cantinho do bom pastor no bairro velha e matou as quatro criancas diarioregional ataques escolas mortes
cantinho	NOUN	1	23	23	0	ataques violentos a escolas ja deixaram 6 mortos neste ano relembre os casos em abril um homem de 25 anos invadiu a creche cantinho do bom pastor no bairro velha e matou as quatro criancas diarioregional ataques escolas mortes
do	ADP	0	23	24	0	ataques violentos a escolas ja deixaram 6 mortos neste ano relembre os casos em abril um homem de 25 anos invadiu a creche cantinho do bom pastor no bairro velha e matou as quatro criancas diarioregional ataques escolas mortes
bom	ADJ	0	23	25	0	ataques violentos a escolas ja deixaram 6 mortos neste ano relembre os casos em abril um homem de 25 anos invadiu a creche cantinho do bom pastor no bairro velha e matou as quatro criancas diarioregional ataques escolas mortes
pastor	NOUN	0	23	26	0	ataques violentos a escolas ja deixaram 6 mortos neste ano relembre os casos em abril um homem de 25 anos invadiu a creche cantinho do bom pastor no bairro velha e matou as quatro criancas diarioregional ataques escolas mortes
no	ADP	0	23	27	0	ataques violentos a escolas ja deixaram 6 mortos neste ano relembre os casos em abril um homem de 25 anos invadiu a creche cantinho do bom pastor no bairro velha e matou as quatro criancas diarioregional ataques escolas mortes
bairro	NOUN	0	23	28	0	ataques violentos a escolas ja deixaram 6 mortos neste ano relembre os casos em abril um homem de 25 anos invadiu a creche cantinho do bom pastor no bairro velha e matou as quatro criancas diarioregional ataques escolas mortes
velha	ADJ	0	23	29	0	ataques violentos a escolas ja deixaram 6 mortos neste ano relembre os casos em abril um homem de 25 anos invadiu a creche cantinho do bom pastor no bairro velha e matou as quatro criancas diarioregional ataques escolas mortes
e	CCONJ	0	23	30	0	ataques violentos a escolas ja deixaram 6 mortos neste ano relembre os casos em abril um homem de 25 anos invadiu a creche cantinho do bom pastor no bairro velha e matou as quatro criancas diarioregional ataques escolas mortes
matou	VERB	0	23	31	0	ataques violentos a escolas ja deixaram 6 mortos neste ano relembre os casos em abril um homem de 25 anos invadiu a creche cantinho do bom pastor no bairro velha e matou as quatro criancas diarioregional ataques escolas mortes
as	DET	0	23	32	0	ataques violentos a escolas ja deixaram 6 mortos neste ano relembre os casos em abril um homem de 25 anos invadiu a creche cantinho do bom pastor no bairro velha e matou as quatro criancas diarioregional ataques escolas mortes
quatro	NUM	0	23	33	0	ataques violentos a escolas ja deixaram 6 mortos neste ano relembre os casos em abril um homem de 25 anos invadiu a creche cantinho do bom pastor no bairro velha e matou as quatro criancas diarioregional ataques escolas mortes
criancas	NOUN	1	23	34	0	ataques violentos a escolas ja deixaram 6 mortos neste ano relembre os casos em abril um homem de 25 anos invadiu a creche cantinho do bom pastor no bairro velha e matou as quatro criancas diarioregional ataques escolas mortes
diarioregional	ADJ	1	23	35	0	ataques violentos a escolas ja deixaram 6 mortos neste ano relembre os casos em abril um homem de 25 anos invadiu a creche cantinho do bom pastor no bairro velha e matou as quatro criancas diarioregional ataques escolas mortes
ataques	NOUN	0	23	36	0	ataques violentos a escolas ja deixaram 6 mortos neste ano relembre os casos em abril um homem de 25 anos invadiu a creche cantinho do bom pastor no bairro velha e matou as quatro criancas diarioregional ataques escolas mortes
escolas	NOUN	0	23	37	0	ataques violentos a escolas ja deixaram 6 mortos neste ano relembre os casos em abril um homem de 25 anos invadiu a creche cantinho do bom pastor no bairro velha e matou as quatro criancas diarioregional ataques escolas mortes
mortes	NOUN	0	23	38	0	ataques violentos a escolas ja deixaram 6 mortos neste ano relembre os casos em abril um homem de 25 anos invadiu a creche cantinho do bom pastor no bairro velha e matou as quatro criancas diarioregional ataques escolas mortes
22	['NOUN', 'ADJ', 'ADP', 'NOUN', 'PROPN', 'VERB', 'NUM', 'NOUN', 'ADP', 'NOUN', 'VERB', 'DET', 'NOUN', 'ADP', 'NOUN', 'DET', 'NOUN', 'ADP', 'NUM', 'NOUN', 'VERB', 'DET', 'PROPN', 'NOUN', 'ADP', 'ADJ', 'NOUN', 'ADP', 'NOUN', 'ADJ', 'CCONJ', 'VERB', 'DET', 'NUM', 'NOUN', 'ADJ', 'NOUN', 'NOUN', 'NOUN']	[0, 0, 0, 0, 0, 0, 0, 0, 0, 0, 1, 0, 0, 0, 0, 0, 0, 0, 0, 0, 0, 0, 1, 1, 0, 0, 0, 0, 0, 0, 0, 0, 0, 0, 1, 1, 0, 0, 0]	23	22	1	ataques violentos a escolas ja deixaram 6 mortos neste ano relembre os casos em abril um homem de 25 anos invadiu a creche cantinho do bom pastor no bairro velha e matou as quatro criancas diarioregional ataques escolas mortes
policiais	NOUN	0	24	0	0	policiais militares recuperam veiculo roubado na avenida brasil odia policia roubo
militares	ADJ	0	24	1	0	policiais militares recuperam veiculo roubado na avenida brasil odia policia roubo
recuperam	VERB	1	24	2	0	policiais militares recuperam veiculo roubado na avenida brasil odia policia roubo
veiculo	NOUN	1	24	3	0	policiais militares recuperam veiculo roubado na avenida brasil odia policia roubo
roubado	VERB	0	24	4	0	policiais militares recuperam veiculo roubado na avenida brasil odia policia roubo
na	ADP	0	24	5	0	policiais militares recuperam veiculo roubado na avenida brasil odia policia roubo
avenida	NOUN	0	24	6	0	policiais militares recuperam veiculo roubado na avenida brasil odia policia roubo
brasil	PROPN	1	24	7	0	policiais militares recuperam veiculo roubado na avenida brasil odia policia roubo
odia	VERB	1	24	8	0	policiais militares recuperam veiculo roubado na avenida brasil odia policia roubo
policia	NOUN	1	24	9	0	policiais militares recuperam veiculo roubado na avenida brasil odia policia roubo
roubo	ADJ	0	24	10	0	policiais militares recuperam veiculo roubado na avenida brasil odia policia roubo
23	['NOUN', 'ADJ', 'VERB', 'NOUN', 'VERB', 'ADP', 'NOUN', 'PROPN', 'VERB', 'NOUN', 'ADJ']	[0, 0, 1, 1, 0, 0, 0, 1, 1, 1, 0]	24	23	1	policiais militares recuperam veiculo roubado na avenida brasil odia policia roubo
clinica	NOUN	1	25	0	0	clinica medica na avenida primeiro de maio e furtada leia mais
medica	ADJ	0	25	1	0	clinica medica na avenida primeiro de maio e furtada leia mais
na	ADP	0	25	2	0	clinica medica na avenida primeiro de maio e furtada leia mais
avenida	NOUN	0	25	3	0	clinica medica na avenida primeiro de maio e furtada leia mais
primeiro	ADV	0	25	4	0	clinica medica na avenida primeiro de maio e furtada leia mais
de	ADP	0	25	5	0	clinica medica na avenida primeiro de maio e furtada leia mais
maio	NOUN	0	25	6	0	clinica medica na avenida primeiro de maio e furtada leia mais
e	CCONJ	0	25	7	0	clinica medica na avenida primeiro de maio e furtada leia mais
furtada	VERB	1	25	8	0	clinica medica na avenida primeiro de maio e furtada leia mais
leia	VERB	1	25	9	0	clinica medica na avenida primeiro de maio e furtada leia mais
mais	ADV	0	25	10	0	clinica medica na avenida primeiro de maio e furtada leia mais
24	['NOUN', 'ADJ', 'ADP', 'NOUN', 'ADV', 'ADP', 'NOUN', 'CCONJ', 'VERB', 'VERB', 'ADV']	[1, 0, 0, 0, 0, 0, 0, 0, 1, 1, 0]	25	24	1	clinica medica na avenida primeiro de maio e furtada leia mais
nao	NOUN	1	26	0	0	nao aguento mais achar que vou ser assaltada nessa porcaria de bairro
aguento	VERB	1	26	1	0	nao aguento mais achar que vou ser assaltada nessa porcaria de bairro
mais	ADV	0	26	2	0	nao aguento mais achar que vou ser assaltada nessa porcaria de bairro
achar	VERB	0	26	3	0	nao aguento mais achar que vou ser assaltada nessa porcaria de bairro
que	SCONJ	0	26	4	0	nao aguento mais achar que vou ser assaltada nessa porcaria de bairro
vou	AUX	0	26	5	0	nao aguento mais achar que vou ser assaltada nessa porcaria de bairro
ser	AUX	0	26	6	0	nao aguento mais achar que vou ser assaltada nessa porcaria de bairro
assaltada	VERB	1	26	7	0	nao aguento mais achar que vou ser assaltada nessa porcaria de bairro
nessa	ADP	0	26	8	0	nao aguento mais achar que vou ser assaltada nessa porcaria de bairro
porcaria	NOUN	1	26	9	0	nao aguento mais achar que vou ser assaltada nessa porcaria de bairro
de	ADP	0	26	10	0	nao aguento mais achar que vou ser assaltada nessa porcaria de bairro
bairro	NOUN	0	26	11	0	nao aguento mais achar que vou ser assaltada nessa porcaria de bairro
25	['NOUN', 'VERB', 'ADV', 'VERB', 'SCONJ', 'AUX', 'AUX', 'VERB', 'ADP', 'NOUN', 'ADP', 'NOUN']	[1, 1, 0, 0, 0, 0, 0, 1, 0, 1, 0, 0]	26	25	1	nao aguento mais achar que vou ser assaltada nessa porcaria de bairro
simfecharam	VERB	1	27	0	0	simfecharam um avenida e assaltaram ela todapincharam
um	DET	0	27	1	0	simfecharam um avenida e assaltaram ela todapincharam
avenida	NOUN	0	27	2	0	simfecharam um avenida e assaltaram ela todapincharam
e	CCONJ	0	27	3	0	simfecharam um avenida e assaltaram ela todapincharam
assaltaram	VERB	1	27	4	0	simfecharam um avenida e assaltaram ela todapincharam
ela	PRON	0	27	5	0	simfecharam um avenida e assaltaram ela todapincharam
todapincharam	VERB	1	27	6	0	simfecharam um avenida e assaltaram ela todapincharam
26	['VERB', 'DET', 'NOUN', 'CCONJ', 'VERB', 'PRON', 'VERB']	[1, 0, 0, 0, 1, 0, 1]	27	26	1	simfecharam um avenida e assaltaram ela todapincharam
uba	PROPN	1	28	0	0	uba policia militar recupera veiculo furtado no bairro sao domingos
policia	PROPN	1	28	1	0	uba policia militar recupera veiculo furtado no bairro sao domingos
militar	ADJ	0	28	2	0	uba policia militar recupera veiculo furtado no bairro sao domingos
recupera	VERB	0	28	3	0	uba policia militar recupera veiculo furtado no bairro sao domingos
veiculo	NOUN	1	28	4	0	uba policia militar recupera veiculo furtado no bairro sao domingos
furtado	VERB	1	28	5	0	uba policia militar recupera veiculo furtado no bairro sao domingos
no	ADP	0	28	6	0	uba policia militar recupera veiculo furtado no bairro sao domingos
bairro	NOUN	0	28	7	0	uba policia militar recupera veiculo furtado no bairro sao domingos
sao	AUX	1	28	8	0	uba policia militar recupera veiculo furtado no bairro sao domingos
domingos	ADJ	0	28	9	0	uba policia militar recupera veiculo furtado no bairro sao domingos
27	['PROPN', 'PROPN', 'ADJ', 'VERB', 'NOUN', 'VERB', 'ADP', 'NOUN', 'AUX', 'ADJ']	[1, 1, 0, 0, 1, 1, 0, 0, 1, 0]	28	27	1	uba policia militar recupera veiculo furtado no bairro sao domingos
eptvoficial	NOUN	1	29	0	0	eptvoficial quanto aos furtos da avenida d pedro i nada muda se nao haverem boletins de ocorrencia sem dado nao ha porque haver mais policiamento
quanto	ADV	0	29	1	0	eptvoficial quanto aos furtos da avenida d pedro i nada muda se nao haverem boletins de ocorrencia sem dado nao ha porque haver mais policiamento
aos	DET	0	29	2	0	eptvoficial quanto aos furtos da avenida d pedro i nada muda se nao haverem boletins de ocorrencia sem dado nao ha porque haver mais policiamento
furtos	NOUN	1	29	3	0	eptvoficial quanto aos furtos da avenida d pedro i nada muda se nao haverem boletins de ocorrencia sem dado nao ha porque haver mais policiamento
da	ADP	0	29	4	0	eptvoficial quanto aos furtos da avenida d pedro i nada muda se nao haverem boletins de ocorrencia sem dado nao ha porque haver mais policiamento
avenida	NOUN	0	29	5	0	eptvoficial quanto aos furtos da avenida d pedro i nada muda se nao haverem boletins de ocorrencia sem dado nao ha porque haver mais policiamento
d	PROPN	0	29	6	0	eptvoficial quanto aos furtos da avenida d pedro i nada muda se nao haverem boletins de ocorrencia sem dado nao ha porque haver mais policiamento
pedro	PROPN	1	29	7	0	eptvoficial quanto aos furtos da avenida d pedro i nada muda se nao haverem boletins de ocorrencia sem dado nao ha porque haver mais policiamento
i	PROPN	0	29	8	0	eptvoficial quanto aos furtos da avenida d pedro i nada muda se nao haverem boletins de ocorrencia sem dado nao ha porque haver mais policiamento
nada	PRON	0	29	9	0	eptvoficial quanto aos furtos da avenida d pedro i nada muda se nao haverem boletins de ocorrencia sem dado nao ha porque haver mais policiamento
muda	VERB	0	29	10	0	eptvoficial quanto aos furtos da avenida d pedro i nada muda se nao haverem boletins de ocorrencia sem dado nao ha porque haver mais policiamento
se	SCONJ	0	29	11	0	eptvoficial quanto aos furtos da avenida d pedro i nada muda se nao haverem boletins de ocorrencia sem dado nao ha porque haver mais policiamento
nao	PRON	1	29	12	0	eptvoficial quanto aos furtos da avenida d pedro i nada muda se nao haverem boletins de ocorrencia sem dado nao ha porque haver mais policiamento
haverem	VERB	1	29	13	0	eptvoficial quanto aos furtos da avenida d pedro i nada muda se nao haverem boletins de ocorrencia sem dado nao ha porque haver mais policiamento
boletins	NOUN	1	29	14	0	eptvoficial quanto aos furtos da avenida d pedro i nada muda se nao haverem boletins de ocorrencia sem dado nao ha porque haver mais policiamento
de	ADP	0	29	15	0	eptvoficial quanto aos furtos da avenida d pedro i nada muda se nao haverem boletins de ocorrencia sem dado nao ha porque haver mais policiamento
ocorrencia	NOUN	1	29	16	0	eptvoficial quanto aos furtos da avenida d pedro i nada muda se nao haverem boletins de ocorrencia sem dado nao ha porque haver mais policiamento
sem	SCONJ	0	29	17	0	eptvoficial quanto aos furtos da avenida d pedro i nada muda se nao haverem boletins de ocorrencia sem dado nao ha porque haver mais policiamento
dado	VERB	0	29	18	0	eptvoficial quanto aos furtos da avenida d pedro i nada muda se nao haverem boletins de ocorrencia sem dado nao ha porque haver mais policiamento
nao	NOUN	1	29	19	0	eptvoficial quanto aos furtos da avenida d pedro i nada muda se nao haverem boletins de ocorrencia sem dado nao ha porque haver mais policiamento
ha	ADJ	0	29	20	0	eptvoficial quanto aos furtos da avenida d pedro i nada muda se nao haverem boletins de ocorrencia sem dado nao ha porque haver mais policiamento
porque	SCONJ	0	29	21	0	eptvoficial quanto aos furtos da avenida d pedro i nada muda se nao haverem boletins de ocorrencia sem dado nao ha porque haver mais policiamento
haver	VERB	0	29	22	0	eptvoficial quanto aos furtos da avenida d pedro i nada muda se nao haverem boletins de ocorrencia sem dado nao ha porque haver mais policiamento
mais	DET	0	29	23	0	eptvoficial quanto aos furtos da avenida d pedro i nada muda se nao haverem boletins de ocorrencia sem dado nao ha porque haver mais policiamento
policiamento	NOUN	1	29	24	0	eptvoficial quanto aos furtos da avenida d pedro i nada muda se nao haverem boletins de ocorrencia sem dado nao ha porque haver mais policiamento
28	['NOUN', 'ADV', 'DET', 'NOUN', 'ADP', 'NOUN', 'PROPN', 'PROPN', 'PROPN', 'PRON', 'VERB', 'SCONJ', 'PRON', 'VERB', 'NOUN', 'ADP', 'NOUN', 'SCONJ', 'VERB', 'NOUN', 'ADJ', 'SCONJ', 'VERB', 'DET', 'NOUN']	[1, 0, 0, 1, 0, 0, 0, 1, 0, 0, 0, 0, 1, 1, 1, 0, 1, 0, 0, 1, 0, 0, 0, 0, 1]	29	28	1	eptvoficial quanto aos furtos da avenida d pedro i nada muda se nao haverem boletins de ocorrencia sem dado nao ha porque haver mais policiamento
nao	INTJ	1	30	0	0	nao a mecanica n tava sendo assaltada nem nada do genero so tavam arrumando a viatura mesmo e fizeram um show com direito a arma no meio da avenida kkkk imagina se atira sem querer em alguem e muita irresponsabilidade
a	DET	0	30	1	0	nao a mecanica n tava sendo assaltada nem nada do genero so tavam arrumando a viatura mesmo e fizeram um show com direito a arma no meio da avenida kkkk imagina se atira sem querer em alguem e muita irresponsabilidade
mecanica	NOUN	1	30	2	0	nao a mecanica n tava sendo assaltada nem nada do genero so tavam arrumando a viatura mesmo e fizeram um show com direito a arma no meio da avenida kkkk imagina se atira sem querer em alguem e muita irresponsabilidade
n	PROPN	0	30	3	0	nao a mecanica n tava sendo assaltada nem nada do genero so tavam arrumando a viatura mesmo e fizeram um show com direito a arma no meio da avenida kkkk imagina se atira sem querer em alguem e muita irresponsabilidade
tava	AUX	1	30	4	0	nao a mecanica n tava sendo assaltada nem nada do genero so tavam arrumando a viatura mesmo e fizeram um show com direito a arma no meio da avenida kkkk imagina se atira sem querer em alguem e muita irresponsabilidade
sendo	AUX	0	30	5	0	nao a mecanica n tava sendo assaltada nem nada do genero so tavam arrumando a viatura mesmo e fizeram um show com direito a arma no meio da avenida kkkk imagina se atira sem querer em alguem e muita irresponsabilidade
assaltada	VERB	1	30	6	0	nao a mecanica n tava sendo assaltada nem nada do genero so tavam arrumando a viatura mesmo e fizeram um show com direito a arma no meio da avenida kkkk imagina se atira sem querer em alguem e muita irresponsabilidade
nem	CCONJ	0	30	7	0	nao a mecanica n tava sendo assaltada nem nada do genero so tavam arrumando a viatura mesmo e fizeram um show com direito a arma no meio da avenida kkkk imagina se atira sem querer em alguem e muita irresponsabilidade
nada	PRON	0	30	8	0	nao a mecanica n tava sendo assaltada nem nada do genero so tavam arrumando a viatura mesmo e fizeram um show com direito a arma no meio da avenida kkkk imagina se atira sem querer em alguem e muita irresponsabilidade
do	ADP	0	30	9	0	nao a mecanica n tava sendo assaltada nem nada do genero so tavam arrumando a viatura mesmo e fizeram um show com direito a arma no meio da avenida kkkk imagina se atira sem querer em alguem e muita irresponsabilidade
genero	PROPN	1	30	10	0	nao a mecanica n tava sendo assaltada nem nada do genero so tavam arrumando a viatura mesmo e fizeram um show com direito a arma no meio da avenida kkkk imagina se atira sem querer em alguem e muita irresponsabilidade
so	PROPN	0	30	11	0	nao a mecanica n tava sendo assaltada nem nada do genero so tavam arrumando a viatura mesmo e fizeram um show com direito a arma no meio da avenida kkkk imagina se atira sem querer em alguem e muita irresponsabilidade
tavam	VERB	1	30	12	0	nao a mecanica n tava sendo assaltada nem nada do genero so tavam arrumando a viatura mesmo e fizeram um show com direito a arma no meio da avenida kkkk imagina se atira sem querer em alguem e muita irresponsabilidade
arrumando	VERB	1	30	13	0	nao a mecanica n tava sendo assaltada nem nada do genero so tavam arrumando a viatura mesmo e fizeram um show com direito a arma no meio da avenida kkkk imagina se atira sem querer em alguem e muita irresponsabilidade
a	DET	0	30	14	0	nao a mecanica n tava sendo assaltada nem nada do genero so tavam arrumando a viatura mesmo e fizeram um show com direito a arma no meio da avenida kkkk imagina se atira sem querer em alguem e muita irresponsabilidade
viatura	NOUN	1	30	15	0	nao a mecanica n tava sendo assaltada nem nada do genero so tavam arrumando a viatura mesmo e fizeram um show com direito a arma no meio da avenida kkkk imagina se atira sem querer em alguem e muita irresponsabilidade
mesmo	ADV	0	30	16	0	nao a mecanica n tava sendo assaltada nem nada do genero so tavam arrumando a viatura mesmo e fizeram um show com direito a arma no meio da avenida kkkk imagina se atira sem querer em alguem e muita irresponsabilidade
e	CCONJ	0	30	17	0	nao a mecanica n tava sendo assaltada nem nada do genero so tavam arrumando a viatura mesmo e fizeram um show com direito a arma no meio da avenida kkkk imagina se atira sem querer em alguem e muita irresponsabilidade
fizeram	VERB	0	30	18	0	nao a mecanica n tava sendo assaltada nem nada do genero so tavam arrumando a viatura mesmo e fizeram um show com direito a arma no meio da avenida kkkk imagina se atira sem querer em alguem e muita irresponsabilidade
um	DET	0	30	19	0	nao a mecanica n tava sendo assaltada nem nada do genero so tavam arrumando a viatura mesmo e fizeram um show com direito a arma no meio da avenida kkkk imagina se atira sem querer em alguem e muita irresponsabilidade
show	NOUN	0	30	20	0	nao a mecanica n tava sendo assaltada nem nada do genero so tavam arrumando a viatura mesmo e fizeram um show com direito a arma no meio da avenida kkkk imagina se atira sem querer em alguem e muita irresponsabilidade
com	ADP	0	30	21	0	nao a mecanica n tava sendo assaltada nem nada do genero so tavam arrumando a viatura mesmo e fizeram um show com direito a arma no meio da avenida kkkk imagina se atira sem querer em alguem e muita irresponsabilidade
direito	NOUN	0	30	22	0	nao a mecanica n tava sendo assaltada nem nada do genero so tavam arrumando a viatura mesmo e fizeram um show com direito a arma no meio da avenida kkkk imagina se atira sem querer em alguem e muita irresponsabilidade
a	DET	0	30	23	0	nao a mecanica n tava sendo assaltada nem nada do genero so tavam arrumando a viatura mesmo e fizeram um show com direito a arma no meio da avenida kkkk imagina se atira sem querer em alguem e muita irresponsabilidade
arma	NOUN	0	30	24	0	nao a mecanica n tava sendo assaltada nem nada do genero so tavam arrumando a viatura mesmo e fizeram um show com direito a arma no meio da avenida kkkk imagina se atira sem querer em alguem e muita irresponsabilidade
no	ADP	0	30	25	0	nao a mecanica n tava sendo assaltada nem nada do genero so tavam arrumando a viatura mesmo e fizeram um show com direito a arma no meio da avenida kkkk imagina se atira sem querer em alguem e muita irresponsabilidade
meio	NOUN	0	30	26	0	nao a mecanica n tava sendo assaltada nem nada do genero so tavam arrumando a viatura mesmo e fizeram um show com direito a arma no meio da avenida kkkk imagina se atira sem querer em alguem e muita irresponsabilidade
da	ADP	0	30	27	0	nao a mecanica n tava sendo assaltada nem nada do genero so tavam arrumando a viatura mesmo e fizeram um show com direito a arma no meio da avenida kkkk imagina se atira sem querer em alguem e muita irresponsabilidade
avenida	NOUN	0	30	28	0	nao a mecanica n tava sendo assaltada nem nada do genero so tavam arrumando a viatura mesmo e fizeram um show com direito a arma no meio da avenida kkkk imagina se atira sem querer em alguem e muita irresponsabilidade
kkkk	ADJ	1	30	29	0	nao a mecanica n tava sendo assaltada nem nada do genero so tavam arrumando a viatura mesmo e fizeram um show com direito a arma no meio da avenida kkkk imagina se atira sem querer em alguem e muita irresponsabilidade
imagina	VERB	1	30	30	0	nao a mecanica n tava sendo assaltada nem nada do genero so tavam arrumando a viatura mesmo e fizeram um show com direito a arma no meio da avenida kkkk imagina se atira sem querer em alguem e muita irresponsabilidade
se	PRON	0	30	31	0	nao a mecanica n tava sendo assaltada nem nada do genero so tavam arrumando a viatura mesmo e fizeram um show com direito a arma no meio da avenida kkkk imagina se atira sem querer em alguem e muita irresponsabilidade
atira	VERB	1	30	32	0	nao a mecanica n tava sendo assaltada nem nada do genero so tavam arrumando a viatura mesmo e fizeram um show com direito a arma no meio da avenida kkkk imagina se atira sem querer em alguem e muita irresponsabilidade
sem	SCONJ	0	30	33	0	nao a mecanica n tava sendo assaltada nem nada do genero so tavam arrumando a viatura mesmo e fizeram um show com direito a arma no meio da avenida kkkk imagina se atira sem querer em alguem e muita irresponsabilidade
querer	VERB	0	30	34	0	nao a mecanica n tava sendo assaltada nem nada do genero so tavam arrumando a viatura mesmo e fizeram um show com direito a arma no meio da avenida kkkk imagina se atira sem querer em alguem e muita irresponsabilidade
em	ADP	0	30	35	0	nao a mecanica n tava sendo assaltada nem nada do genero so tavam arrumando a viatura mesmo e fizeram um show com direito a arma no meio da avenida kkkk imagina se atira sem querer em alguem e muita irresponsabilidade
alguem	PRON	1	30	36	0	nao a mecanica n tava sendo assaltada nem nada do genero so tavam arrumando a viatura mesmo e fizeram um show com direito a arma no meio da avenida kkkk imagina se atira sem querer em alguem e muita irresponsabilidade
e	CCONJ	0	30	37	0	nao a mecanica n tava sendo assaltada nem nada do genero so tavam arrumando a viatura mesmo e fizeram um show com direito a arma no meio da avenida kkkk imagina se atira sem querer em alguem e muita irresponsabilidade
muita	DET	0	30	38	0	nao a mecanica n tava sendo assaltada nem nada do genero so tavam arrumando a viatura mesmo e fizeram um show com direito a arma no meio da avenida kkkk imagina se atira sem querer em alguem e muita irresponsabilidade
irresponsabilidade	NOUN	1	30	39	0	nao a mecanica n tava sendo assaltada nem nada do genero so tavam arrumando a viatura mesmo e fizeram um show com direito a arma no meio da avenida kkkk imagina se atira sem querer em alguem e muita irresponsabilidade
29	['INTJ', 'DET', 'NOUN', 'PROPN', 'AUX', 'AUX', 'VERB', 'CCONJ', 'PRON', 'ADP', 'PROPN', 'PROPN', 'VERB', 'VERB', 'DET', 'NOUN', 'ADV', 'CCONJ', 'VERB', 'DET', 'NOUN', 'ADP', 'NOUN', 'DET', 'NOUN', 'ADP', 'NOUN', 'ADP', 'NOUN', 'ADJ', 'VERB', 'PRON', 'VERB', 'SCONJ', 'VERB', 'ADP', 'PRON', 'CCONJ', 'DET', 'NOUN']	[1, 0, 1, 0, 1, 0, 1, 0, 0, 0, 1, 0, 1, 1, 0, 1, 0, 0, 0, 0, 0, 0, 0, 0, 0, 0, 0, 0, 0, 1, 1, 0, 1, 0, 0, 0, 1, 0, 0, 1]	30	29	1	nao a mecanica n tava sendo assaltada nem nada do genero so tavam arrumando a viatura mesmo e fizeram um show com direito a arma no meio da avenida kkkk imagina se atira sem querer em alguem e muita irresponsabilidade
nao	ADV	1	31	0	0	nao podemos nos calar a direita e muito maior no brasil o que falta e organizacao e coragem de enfrentar os ataques da esquerda vamos pra rua c toda forca justos somos mais fortes
podemos	VERB	0	31	1	0	nao podemos nos calar a direita e muito maior no brasil o que falta e organizacao e coragem de enfrentar os ataques da esquerda vamos pra rua c toda forca justos somos mais fortes
nos	SCONJ	0	31	2	0	nao podemos nos calar a direita e muito maior no brasil o que falta e organizacao e coragem de enfrentar os ataques da esquerda vamos pra rua c toda forca justos somos mais fortes
calar	VERB	1	31	3	0	nao podemos nos calar a direita e muito maior no brasil o que falta e organizacao e coragem de enfrentar os ataques da esquerda vamos pra rua c toda forca justos somos mais fortes
a	DET	0	31	4	0	nao podemos nos calar a direita e muito maior no brasil o que falta e organizacao e coragem de enfrentar os ataques da esquerda vamos pra rua c toda forca justos somos mais fortes
direita	NOUN	0	31	5	0	nao podemos nos calar a direita e muito maior no brasil o que falta e organizacao e coragem de enfrentar os ataques da esquerda vamos pra rua c toda forca justos somos mais fortes
e	CCONJ	0	31	6	0	nao podemos nos calar a direita e muito maior no brasil o que falta e organizacao e coragem de enfrentar os ataques da esquerda vamos pra rua c toda forca justos somos mais fortes
muito	ADV	0	31	7	0	nao podemos nos calar a direita e muito maior no brasil o que falta e organizacao e coragem de enfrentar os ataques da esquerda vamos pra rua c toda forca justos somos mais fortes
maior	ADJ	0	31	8	0	nao podemos nos calar a direita e muito maior no brasil o que falta e organizacao e coragem de enfrentar os ataques da esquerda vamos pra rua c toda forca justos somos mais fortes
no	ADP	0	31	9	0	nao podemos nos calar a direita e muito maior no brasil o que falta e organizacao e coragem de enfrentar os ataques da esquerda vamos pra rua c toda forca justos somos mais fortes
brasil	PROPN	1	31	10	0	nao podemos nos calar a direita e muito maior no brasil o que falta e organizacao e coragem de enfrentar os ataques da esquerda vamos pra rua c toda forca justos somos mais fortes
o	PRON	0	31	11	0	nao podemos nos calar a direita e muito maior no brasil o que falta e organizacao e coragem de enfrentar os ataques da esquerda vamos pra rua c toda forca justos somos mais fortes
que	PRON	0	31	12	0	nao podemos nos calar a direita e muito maior no brasil o que falta e organizacao e coragem de enfrentar os ataques da esquerda vamos pra rua c toda forca justos somos mais fortes
falta	NOUN	0	31	13	0	nao podemos nos calar a direita e muito maior no brasil o que falta e organizacao e coragem de enfrentar os ataques da esquerda vamos pra rua c toda forca justos somos mais fortes
e	CCONJ	0	31	14	0	nao podemos nos calar a direita e muito maior no brasil o que falta e organizacao e coragem de enfrentar os ataques da esquerda vamos pra rua c toda forca justos somos mais fortes
organizacao	NOUN	1	31	15	0	nao podemos nos calar a direita e muito maior no brasil o que falta e organizacao e coragem de enfrentar os ataques da esquerda vamos pra rua c toda forca justos somos mais fortes
e	CCONJ	0	31	16	0	nao podemos nos calar a direita e muito maior no brasil o que falta e organizacao e coragem de enfrentar os ataques da esquerda vamos pra rua c toda forca justos somos mais fortes
coragem	NOUN	0	31	17	0	nao podemos nos calar a direita e muito maior no brasil o que falta e organizacao e coragem de enfrentar os ataques da esquerda vamos pra rua c toda forca justos somos mais fortes
de	SCONJ	0	31	18	0	nao podemos nos calar a direita e muito maior no brasil o que falta e organizacao e coragem de enfrentar os ataques da esquerda vamos pra rua c toda forca justos somos mais fortes
enfrentar	VERB	0	31	19	0	nao podemos nos calar a direita e muito maior no brasil o que falta e organizacao e coragem de enfrentar os ataques da esquerda vamos pra rua c toda forca justos somos mais fortes
os	DET	0	31	20	0	nao podemos nos calar a direita e muito maior no brasil o que falta e organizacao e coragem de enfrentar os ataques da esquerda vamos pra rua c toda forca justos somos mais fortes
ataques	NOUN	0	31	21	0	nao podemos nos calar a direita e muito maior no brasil o que falta e organizacao e coragem de enfrentar os ataques da esquerda vamos pra rua c toda forca justos somos mais fortes
da	ADP	0	31	22	0	nao podemos nos calar a direita e muito maior no brasil o que falta e organizacao e coragem de enfrentar os ataques da esquerda vamos pra rua c toda forca justos somos mais fortes
esquerda	NOUN	0	31	23	0	nao podemos nos calar a direita e muito maior no brasil o que falta e organizacao e coragem de enfrentar os ataques da esquerda vamos pra rua c toda forca justos somos mais fortes
vamos	VERB	0	31	24	0	nao podemos nos calar a direita e muito maior no brasil o que falta e organizacao e coragem de enfrentar os ataques da esquerda vamos pra rua c toda forca justos somos mais fortes
pra	ADP	0	31	25	0	nao podemos nos calar a direita e muito maior no brasil o que falta e organizacao e coragem de enfrentar os ataques da esquerda vamos pra rua c toda forca justos somos mais fortes
rua	NOUN	0	31	26	0	nao podemos nos calar a direita e muito maior no brasil o que falta e organizacao e coragem de enfrentar os ataques da esquerda vamos pra rua c toda forca justos somos mais fortes
c	PUNCT	0	31	27	0	nao podemos nos calar a direita e muito maior no brasil o que falta e organizacao e coragem de enfrentar os ataques da esquerda vamos pra rua c toda forca justos somos mais fortes
toda	DET	0	31	28	0	nao podemos nos calar a direita e muito maior no brasil o que falta e organizacao e coragem de enfrentar os ataques da esquerda vamos pra rua c toda forca justos somos mais fortes
forca	NOUN	1	31	29	0	nao podemos nos calar a direita e muito maior no brasil o que falta e organizacao e coragem de enfrentar os ataques da esquerda vamos pra rua c toda forca justos somos mais fortes
justos	ADJ	1	31	30	0	nao podemos nos calar a direita e muito maior no brasil o que falta e organizacao e coragem de enfrentar os ataques da esquerda vamos pra rua c toda forca justos somos mais fortes
somos	AUX	1	31	31	0	nao podemos nos calar a direita e muito maior no brasil o que falta e organizacao e coragem de enfrentar os ataques da esquerda vamos pra rua c toda forca justos somos mais fortes
mais	ADV	0	31	32	0	nao podemos nos calar a direita e muito maior no brasil o que falta e organizacao e coragem de enfrentar os ataques da esquerda vamos pra rua c toda forca justos somos mais fortes
fortes	ADJ	0	31	33	0	nao podemos nos calar a direita e muito maior no brasil o que falta e organizacao e coragem de enfrentar os ataques da esquerda vamos pra rua c toda forca justos somos mais fortes
30	['ADV', 'VERB', 'SCONJ', 'VERB', 'DET', 'NOUN', 'CCONJ', 'ADV', 'ADJ', 'ADP', 'PROPN', 'PRON', 'PRON', 'NOUN', 'CCONJ', 'NOUN', 'CCONJ', 'NOUN', 'SCONJ', 'VERB', 'DET', 'NOUN', 'ADP', 'NOUN', 'VERB', 'ADP', 'NOUN', 'PUNCT', 'DET', 'NOUN', 'ADJ', 'AUX', 'ADV', 'ADJ']	[1, 0, 0, 1, 0, 0, 0, 0, 0, 0, 1, 0, 0, 0, 0, 1, 0, 0, 0, 0, 0, 0, 0, 0, 0, 0, 0, 0, 0, 1, 1, 1, 0, 0]	31	30	1	nao podemos nos calar a direita e muito maior no brasil o que falta e organizacao e coragem de enfrentar os ataques da esquerda vamos pra rua c toda forca justos somos mais fortes
usar	VERB	0	32	0	0	usar o incidente brancoamarelo como desculpa nem todos os gays sao como aqueles mano queria muito saber o que foi esse incidente olhei ao redor e vi que o burburinho da outra rua estava chegando a nos nisso uma moca que estava conversando com sua amiga no outro lado da
o	DET	0	32	1	0	usar o incidente brancoamarelo como desculpa nem todos os gays sao como aqueles mano queria muito saber o que foi esse incidente olhei ao redor e vi que o burburinho da outra rua estava chegando a nos nisso uma moca que estava conversando com sua amiga no outro lado da
incidente	NOUN	0	32	2	0	usar o incidente brancoamarelo como desculpa nem todos os gays sao como aqueles mano queria muito saber o que foi esse incidente olhei ao redor e vi que o burburinho da outra rua estava chegando a nos nisso uma moca que estava conversando com sua amiga no outro lado da
brancoamarelo	ADJ	1	32	3	0	usar o incidente brancoamarelo como desculpa nem todos os gays sao como aqueles mano queria muito saber o que foi esse incidente olhei ao redor e vi que o burburinho da outra rua estava chegando a nos nisso uma moca que estava conversando com sua amiga no outro lado da
como	ADP	0	32	4	0	usar o incidente brancoamarelo como desculpa nem todos os gays sao como aqueles mano queria muito saber o que foi esse incidente olhei ao redor e vi que o burburinho da outra rua estava chegando a nos nisso uma moca que estava conversando com sua amiga no outro lado da
desculpa	NOUN	1	32	5	0	usar o incidente brancoamarelo como desculpa nem todos os gays sao como aqueles mano queria muito saber o que foi esse incidente olhei ao redor e vi que o burburinho da outra rua estava chegando a nos nisso uma moca que estava conversando com sua amiga no outro lado da
nem	CCONJ	0	32	6	0	usar o incidente brancoamarelo como desculpa nem todos os gays sao como aqueles mano queria muito saber o que foi esse incidente olhei ao redor e vi que o burburinho da outra rua estava chegando a nos nisso uma moca que estava conversando com sua amiga no outro lado da
todos	DET	0	32	7	0	usar o incidente brancoamarelo como desculpa nem todos os gays sao como aqueles mano queria muito saber o que foi esse incidente olhei ao redor e vi que o burburinho da outra rua estava chegando a nos nisso uma moca que estava conversando com sua amiga no outro lado da
os	DET	0	32	8	0	usar o incidente brancoamarelo como desculpa nem todos os gays sao como aqueles mano queria muito saber o que foi esse incidente olhei ao redor e vi que o burburinho da outra rua estava chegando a nos nisso uma moca que estava conversando com sua amiga no outro lado da
gays	NOUN	1	32	9	0	usar o incidente brancoamarelo como desculpa nem todos os gays sao como aqueles mano queria muito saber o que foi esse incidente olhei ao redor e vi que o burburinho da outra rua estava chegando a nos nisso uma moca que estava conversando com sua amiga no outro lado da
sao	VERB	1	32	10	0	usar o incidente brancoamarelo como desculpa nem todos os gays sao como aqueles mano queria muito saber o que foi esse incidente olhei ao redor e vi que o burburinho da outra rua estava chegando a nos nisso uma moca que estava conversando com sua amiga no outro lado da
como	ADP	0	32	11	0	usar o incidente brancoamarelo como desculpa nem todos os gays sao como aqueles mano queria muito saber o que foi esse incidente olhei ao redor e vi que o burburinho da outra rua estava chegando a nos nisso uma moca que estava conversando com sua amiga no outro lado da
aqueles	DET	0	32	12	0	usar o incidente brancoamarelo como desculpa nem todos os gays sao como aqueles mano queria muito saber o que foi esse incidente olhei ao redor e vi que o burburinho da outra rua estava chegando a nos nisso uma moca que estava conversando com sua amiga no outro lado da
mano	NOUN	0	32	13	0	usar o incidente brancoamarelo como desculpa nem todos os gays sao como aqueles mano queria muito saber o que foi esse incidente olhei ao redor e vi que o burburinho da outra rua estava chegando a nos nisso uma moca que estava conversando com sua amiga no outro lado da
queria	VERB	0	32	14	0	usar o incidente brancoamarelo como desculpa nem todos os gays sao como aqueles mano queria muito saber o que foi esse incidente olhei ao redor e vi que o burburinho da outra rua estava chegando a nos nisso uma moca que estava conversando com sua amiga no outro lado da
muito	ADV	0	32	15	0	usar o incidente brancoamarelo como desculpa nem todos os gays sao como aqueles mano queria muito saber o que foi esse incidente olhei ao redor e vi que o burburinho da outra rua estava chegando a nos nisso uma moca que estava conversando com sua amiga no outro lado da
saber	VERB	0	32	16	0	usar o incidente brancoamarelo como desculpa nem todos os gays sao como aqueles mano queria muito saber o que foi esse incidente olhei ao redor e vi que o burburinho da outra rua estava chegando a nos nisso uma moca que estava conversando com sua amiga no outro lado da
o	PRON	0	32	17	0	usar o incidente brancoamarelo como desculpa nem todos os gays sao como aqueles mano queria muito saber o que foi esse incidente olhei ao redor e vi que o burburinho da outra rua estava chegando a nos nisso uma moca que estava conversando com sua amiga no outro lado da
que	PRON	0	32	18	0	usar o incidente brancoamarelo como desculpa nem todos os gays sao como aqueles mano queria muito saber o que foi esse incidente olhei ao redor e vi que o burburinho da outra rua estava chegando a nos nisso uma moca que estava conversando com sua amiga no outro lado da
foi	AUX	0	32	19	0	usar o incidente brancoamarelo como desculpa nem todos os gays sao como aqueles mano queria muito saber o que foi esse incidente olhei ao redor e vi que o burburinho da outra rua estava chegando a nos nisso uma moca que estava conversando com sua amiga no outro lado da
esse	DET	0	32	20	0	usar o incidente brancoamarelo como desculpa nem todos os gays sao como aqueles mano queria muito saber o que foi esse incidente olhei ao redor e vi que o burburinho da outra rua estava chegando a nos nisso uma moca que estava conversando com sua amiga no outro lado da
incidente	NOUN	0	32	21	0	usar o incidente brancoamarelo como desculpa nem todos os gays sao como aqueles mano queria muito saber o que foi esse incidente olhei ao redor e vi que o burburinho da outra rua estava chegando a nos nisso uma moca que estava conversando com sua amiga no outro lado da
olhei	VERB	1	32	22	0	usar o incidente brancoamarelo como desculpa nem todos os gays sao como aqueles mano queria muito saber o que foi esse incidente olhei ao redor e vi que o burburinho da outra rua estava chegando a nos nisso uma moca que estava conversando com sua amiga no outro lado da
ao	ADP	0	32	23	0	usar o incidente brancoamarelo como desculpa nem todos os gays sao como aqueles mano queria muito saber o que foi esse incidente olhei ao redor e vi que o burburinho da outra rua estava chegando a nos nisso uma moca que estava conversando com sua amiga no outro lado da
redor	NOUN	0	32	24	0	usar o incidente brancoamarelo como desculpa nem todos os gays sao como aqueles mano queria muito saber o que foi esse incidente olhei ao redor e vi que o burburinho da outra rua estava chegando a nos nisso uma moca que estava conversando com sua amiga no outro lado da
e	CCONJ	0	32	25	0	usar o incidente brancoamarelo como desculpa nem todos os gays sao como aqueles mano queria muito saber o que foi esse incidente olhei ao redor e vi que o burburinho da outra rua estava chegando a nos nisso uma moca que estava conversando com sua amiga no outro lado da
vi	VERB	0	32	26	0	usar o incidente brancoamarelo como desculpa nem todos os gays sao como aqueles mano queria muito saber o que foi esse incidente olhei ao redor e vi que o burburinho da outra rua estava chegando a nos nisso uma moca que estava conversando com sua amiga no outro lado da
que	SCONJ	0	32	27	0	usar o incidente brancoamarelo como desculpa nem todos os gays sao como aqueles mano queria muito saber o que foi esse incidente olhei ao redor e vi que o burburinho da outra rua estava chegando a nos nisso uma moca que estava conversando com sua amiga no outro lado da
o	DET	0	32	28	0	usar o incidente brancoamarelo como desculpa nem todos os gays sao como aqueles mano queria muito saber o que foi esse incidente olhei ao redor e vi que o burburinho da outra rua estava chegando a nos nisso uma moca que estava conversando com sua amiga no outro lado da
burburinho	NOUN	1	32	29	0	usar o incidente brancoamarelo como desculpa nem todos os gays sao como aqueles mano queria muito saber o que foi esse incidente olhei ao redor e vi que o burburinho da outra rua estava chegando a nos nisso uma moca que estava conversando com sua amiga no outro lado da
da	ADP	0	32	30	0	usar o incidente brancoamarelo como desculpa nem todos os gays sao como aqueles mano queria muito saber o que foi esse incidente olhei ao redor e vi que o burburinho da outra rua estava chegando a nos nisso uma moca que estava conversando com sua amiga no outro lado da
outra	DET	0	32	31	0	usar o incidente brancoamarelo como desculpa nem todos os gays sao como aqueles mano queria muito saber o que foi esse incidente olhei ao redor e vi que o burburinho da outra rua estava chegando a nos nisso uma moca que estava conversando com sua amiga no outro lado da
rua	NOUN	0	32	32	0	usar o incidente brancoamarelo como desculpa nem todos os gays sao como aqueles mano queria muito saber o que foi esse incidente olhei ao redor e vi que o burburinho da outra rua estava chegando a nos nisso uma moca que estava conversando com sua amiga no outro lado da
estava	AUX	0	32	33	0	usar o incidente brancoamarelo como desculpa nem todos os gays sao como aqueles mano queria muito saber o que foi esse incidente olhei ao redor e vi que o burburinho da outra rua estava chegando a nos nisso uma moca que estava conversando com sua amiga no outro lado da
chegando	VERB	0	32	34	0	usar o incidente brancoamarelo como desculpa nem todos os gays sao como aqueles mano queria muito saber o que foi esse incidente olhei ao redor e vi que o burburinho da outra rua estava chegando a nos nisso uma moca que estava conversando com sua amiga no outro lado da
a	ADP	0	32	35	0	usar o incidente brancoamarelo como desculpa nem todos os gays sao como aqueles mano queria muito saber o que foi esse incidente olhei ao redor e vi que o burburinho da outra rua estava chegando a nos nisso uma moca que estava conversando com sua amiga no outro lado da
nos	ADP	0	32	36	0	usar o incidente brancoamarelo como desculpa nem todos os gays sao como aqueles mano queria muito saber o que foi esse incidente olhei ao redor e vi que o burburinho da outra rua estava chegando a nos nisso uma moca que estava conversando com sua amiga no outro lado da
nisso	ADP	1	32	37	0	usar o incidente brancoamarelo como desculpa nem todos os gays sao como aqueles mano queria muito saber o que foi esse incidente olhei ao redor e vi que o burburinho da outra rua estava chegando a nos nisso uma moca que estava conversando com sua amiga no outro lado da
uma	DET	0	32	38	0	usar o incidente brancoamarelo como desculpa nem todos os gays sao como aqueles mano queria muito saber o que foi esse incidente olhei ao redor e vi que o burburinho da outra rua estava chegando a nos nisso uma moca que estava conversando com sua amiga no outro lado da
moca	NOUN	1	32	39	0	usar o incidente brancoamarelo como desculpa nem todos os gays sao como aqueles mano queria muito saber o que foi esse incidente olhei ao redor e vi que o burburinho da outra rua estava chegando a nos nisso uma moca que estava conversando com sua amiga no outro lado da
que	PRON	0	32	40	0	usar o incidente brancoamarelo como desculpa nem todos os gays sao como aqueles mano queria muito saber o que foi esse incidente olhei ao redor e vi que o burburinho da outra rua estava chegando a nos nisso uma moca que estava conversando com sua amiga no outro lado da
estava	AUX	0	32	41	0	usar o incidente brancoamarelo como desculpa nem todos os gays sao como aqueles mano queria muito saber o que foi esse incidente olhei ao redor e vi que o burburinho da outra rua estava chegando a nos nisso uma moca que estava conversando com sua amiga no outro lado da
conversando	VERB	1	32	42	0	usar o incidente brancoamarelo como desculpa nem todos os gays sao como aqueles mano queria muito saber o que foi esse incidente olhei ao redor e vi que o burburinho da outra rua estava chegando a nos nisso uma moca que estava conversando com sua amiga no outro lado da
com	ADP	0	32	43	0	usar o incidente brancoamarelo como desculpa nem todos os gays sao como aqueles mano queria muito saber o que foi esse incidente olhei ao redor e vi que o burburinho da outra rua estava chegando a nos nisso uma moca que estava conversando com sua amiga no outro lado da
sua	DET	0	32	44	0	usar o incidente brancoamarelo como desculpa nem todos os gays sao como aqueles mano queria muito saber o que foi esse incidente olhei ao redor e vi que o burburinho da outra rua estava chegando a nos nisso uma moca que estava conversando com sua amiga no outro lado da
amiga	NOUN	0	32	45	0	usar o incidente brancoamarelo como desculpa nem todos os gays sao como aqueles mano queria muito saber o que foi esse incidente olhei ao redor e vi que o burburinho da outra rua estava chegando a nos nisso uma moca que estava conversando com sua amiga no outro lado da
no	ADP	0	32	46	0	usar o incidente brancoamarelo como desculpa nem todos os gays sao como aqueles mano queria muito saber o que foi esse incidente olhei ao redor e vi que o burburinho da outra rua estava chegando a nos nisso uma moca que estava conversando com sua amiga no outro lado da
outro	DET	0	32	47	0	usar o incidente brancoamarelo como desculpa nem todos os gays sao como aqueles mano queria muito saber o que foi esse incidente olhei ao redor e vi que o burburinho da outra rua estava chegando a nos nisso uma moca que estava conversando com sua amiga no outro lado da
lado	NOUN	0	32	48	0	usar o incidente brancoamarelo como desculpa nem todos os gays sao como aqueles mano queria muito saber o que foi esse incidente olhei ao redor e vi que o burburinho da outra rua estava chegando a nos nisso uma moca que estava conversando com sua amiga no outro lado da
da	ADP	0	32	49	0	usar o incidente brancoamarelo como desculpa nem todos os gays sao como aqueles mano queria muito saber o que foi esse incidente olhei ao redor e vi que o burburinho da outra rua estava chegando a nos nisso uma moca que estava conversando com sua amiga no outro lado da
31	['VERB', 'DET', 'NOUN', 'ADJ', 'ADP', 'NOUN', 'CCONJ', 'DET', 'DET', 'NOUN', 'VERB', 'ADP', 'DET', 'NOUN', 'VERB', 'ADV', 'VERB', 'PRON', 'PRON', 'AUX', 'DET', 'NOUN', 'VERB', 'ADP', 'NOUN', 'CCONJ', 'VERB', 'SCONJ', 'DET', 'NOUN', 'ADP', 'DET', 'NOUN', 'AUX', 'VERB', 'ADP', 'ADP', 'ADP', 'DET', 'NOUN', 'PRON', 'AUX', 'VERB', 'ADP', 'DET', 'NOUN', 'ADP', 'DET', 'NOUN', 'ADP']	[0, 0, 0, 1, 0, 1, 0, 0, 0, 1, 1, 0, 0, 0, 0, 0, 0, 0, 0, 0, 0, 0, 1, 0, 0, 0, 0, 0, 0, 1, 0, 0, 0, 0, 0, 0, 0, 1, 0, 1, 0, 0, 1, 0, 0, 0, 0, 0, 0, 0]	32	31	1	usar o incidente brancoamarelo como desculpa nem todos os gays sao como aqueles mano queria muito saber o que foi esse incidente olhei ao redor e vi que o burburinho da outra rua estava chegando a nos nisso uma moca que estava conversando com sua amiga no outro lado da
fascista	NOUN	1	33	0	0	fascista foram voces porque voces entraram no orgao publico destruiu que a praca dos tres poderes alguns roubaram armas no congresso nacional fez maior destruicao e agora estao querendo se defender voces tem que ir para cadeia cambada
foram	AUX	0	33	1	0	fascista foram voces porque voces entraram no orgao publico destruiu que a praca dos tres poderes alguns roubaram armas no congresso nacional fez maior destruicao e agora estao querendo se defender voces tem que ir para cadeia cambada
voces	PRON	1	33	2	0	fascista foram voces porque voces entraram no orgao publico destruiu que a praca dos tres poderes alguns roubaram armas no congresso nacional fez maior destruicao e agora estao querendo se defender voces tem que ir para cadeia cambada
porque	SCONJ	0	33	3	0	fascista foram voces porque voces entraram no orgao publico destruiu que a praca dos tres poderes alguns roubaram armas no congresso nacional fez maior destruicao e agora estao querendo se defender voces tem que ir para cadeia cambada
voces	NOUN	1	33	4	0	fascista foram voces porque voces entraram no orgao publico destruiu que a praca dos tres poderes alguns roubaram armas no congresso nacional fez maior destruicao e agora estao querendo se defender voces tem que ir para cadeia cambada
entraram	VERB	0	33	5	0	fascista foram voces porque voces entraram no orgao publico destruiu que a praca dos tres poderes alguns roubaram armas no congresso nacional fez maior destruicao e agora estao querendo se defender voces tem que ir para cadeia cambada
no	ADP	0	33	6	0	fascista foram voces porque voces entraram no orgao publico destruiu que a praca dos tres poderes alguns roubaram armas no congresso nacional fez maior destruicao e agora estao querendo se defender voces tem que ir para cadeia cambada
orgao	NOUN	1	33	7	0	fascista foram voces porque voces entraram no orgao publico destruiu que a praca dos tres poderes alguns roubaram armas no congresso nacional fez maior destruicao e agora estao querendo se defender voces tem que ir para cadeia cambada
publico	ADJ	1	33	8	0	fascista foram voces porque voces entraram no orgao publico destruiu que a praca dos tres poderes alguns roubaram armas no congresso nacional fez maior destruicao e agora estao querendo se defender voces tem que ir para cadeia cambada
destruiu	VERB	0	33	9	0	fascista foram voces porque voces entraram no orgao publico destruiu que a praca dos tres poderes alguns roubaram armas no congresso nacional fez maior destruicao e agora estao querendo se defender voces tem que ir para cadeia cambada
que	SCONJ	0	33	10	0	fascista foram voces porque voces entraram no orgao publico destruiu que a praca dos tres poderes alguns roubaram armas no congresso nacional fez maior destruicao e agora estao querendo se defender voces tem que ir para cadeia cambada
a	DET	0	33	11	0	fascista foram voces porque voces entraram no orgao publico destruiu que a praca dos tres poderes alguns roubaram armas no congresso nacional fez maior destruicao e agora estao querendo se defender voces tem que ir para cadeia cambada
praca	NOUN	1	33	12	0	fascista foram voces porque voces entraram no orgao publico destruiu que a praca dos tres poderes alguns roubaram armas no congresso nacional fez maior destruicao e agora estao querendo se defender voces tem que ir para cadeia cambada
dos	ADP	0	33	13	0	fascista foram voces porque voces entraram no orgao publico destruiu que a praca dos tres poderes alguns roubaram armas no congresso nacional fez maior destruicao e agora estao querendo se defender voces tem que ir para cadeia cambada
tres	NOUN	1	33	14	0	fascista foram voces porque voces entraram no orgao publico destruiu que a praca dos tres poderes alguns roubaram armas no congresso nacional fez maior destruicao e agora estao querendo se defender voces tem que ir para cadeia cambada
poderes	NOUN	0	33	15	0	fascista foram voces porque voces entraram no orgao publico destruiu que a praca dos tres poderes alguns roubaram armas no congresso nacional fez maior destruicao e agora estao querendo se defender voces tem que ir para cadeia cambada
alguns	PRON	0	33	16	0	fascista foram voces porque voces entraram no orgao publico destruiu que a praca dos tres poderes alguns roubaram armas no congresso nacional fez maior destruicao e agora estao querendo se defender voces tem que ir para cadeia cambada
roubaram	VERB	1	33	17	0	fascista foram voces porque voces entraram no orgao publico destruiu que a praca dos tres poderes alguns roubaram armas no congresso nacional fez maior destruicao e agora estao querendo se defender voces tem que ir para cadeia cambada
armas	NOUN	0	33	18	0	fascista foram voces porque voces entraram no orgao publico destruiu que a praca dos tres poderes alguns roubaram armas no congresso nacional fez maior destruicao e agora estao querendo se defender voces tem que ir para cadeia cambada
no	ADP	0	33	19	0	fascista foram voces porque voces entraram no orgao publico destruiu que a praca dos tres poderes alguns roubaram armas no congresso nacional fez maior destruicao e agora estao querendo se defender voces tem que ir para cadeia cambada
congresso	NOUN	0	33	20	0	fascista foram voces porque voces entraram no orgao publico destruiu que a praca dos tres poderes alguns roubaram armas no congresso nacional fez maior destruicao e agora estao querendo se defender voces tem que ir para cadeia cambada
nacional	ADJ	0	33	21	0	fascista foram voces porque voces entraram no orgao publico destruiu que a praca dos tres poderes alguns roubaram armas no congresso nacional fez maior destruicao e agora estao querendo se defender voces tem que ir para cadeia cambada
fez	VERB	0	33	22	0	fascista foram voces porque voces entraram no orgao publico destruiu que a praca dos tres poderes alguns roubaram armas no congresso nacional fez maior destruicao e agora estao querendo se defender voces tem que ir para cadeia cambada
maior	ADJ	0	33	23	0	fascista foram voces porque voces entraram no orgao publico destruiu que a praca dos tres poderes alguns roubaram armas no congresso nacional fez maior destruicao e agora estao querendo se defender voces tem que ir para cadeia cambada
destruicao	NOUN	1	33	24	0	fascista foram voces porque voces entraram no orgao publico destruiu que a praca dos tres poderes alguns roubaram armas no congresso nacional fez maior destruicao e agora estao querendo se defender voces tem que ir para cadeia cambada
e	CCONJ	0	33	25	0	fascista foram voces porque voces entraram no orgao publico destruiu que a praca dos tres poderes alguns roubaram armas no congresso nacional fez maior destruicao e agora estao querendo se defender voces tem que ir para cadeia cambada
agora	ADV	0	33	26	0	fascista foram voces porque voces entraram no orgao publico destruiu que a praca dos tres poderes alguns roubaram armas no congresso nacional fez maior destruicao e agora estao querendo se defender voces tem que ir para cadeia cambada
estao	AUX	1	33	27	0	fascista foram voces porque voces entraram no orgao publico destruiu que a praca dos tres poderes alguns roubaram armas no congresso nacional fez maior destruicao e agora estao querendo se defender voces tem que ir para cadeia cambada
querendo	VERB	0	33	28	0	fascista foram voces porque voces entraram no orgao publico destruiu que a praca dos tres poderes alguns roubaram armas no congresso nacional fez maior destruicao e agora estao querendo se defender voces tem que ir para cadeia cambada
se	SCONJ	0	33	29	0	fascista foram voces porque voces entraram no orgao publico destruiu que a praca dos tres poderes alguns roubaram armas no congresso nacional fez maior destruicao e agora estao querendo se defender voces tem que ir para cadeia cambada
defender	VERB	0	33	30	0	fascista foram voces porque voces entraram no orgao publico destruiu que a praca dos tres poderes alguns roubaram armas no congresso nacional fez maior destruicao e agora estao querendo se defender voces tem que ir para cadeia cambada
voces	NOUN	1	33	31	0	fascista foram voces porque voces entraram no orgao publico destruiu que a praca dos tres poderes alguns roubaram armas no congresso nacional fez maior destruicao e agora estao querendo se defender voces tem que ir para cadeia cambada
tem	AUX	0	33	32	0	fascista foram voces porque voces entraram no orgao publico destruiu que a praca dos tres poderes alguns roubaram armas no congresso nacional fez maior destruicao e agora estao querendo se defender voces tem que ir para cadeia cambada
que	SCONJ	0	33	33	0	fascista foram voces porque voces entraram no orgao publico destruiu que a praca dos tres poderes alguns roubaram armas no congresso nacional fez maior destruicao e agora estao querendo se defender voces tem que ir para cadeia cambada
ir	VERB	0	33	34	0	fascista foram voces porque voces entraram no orgao publico destruiu que a praca dos tres poderes alguns roubaram armas no congresso nacional fez maior destruicao e agora estao querendo se defender voces tem que ir para cadeia cambada
para	ADP	0	33	35	0	fascista foram voces porque voces entraram no orgao publico destruiu que a praca dos tres poderes alguns roubaram armas no congresso nacional fez maior destruicao e agora estao querendo se defender voces tem que ir para cadeia cambada
cadeia	NOUN	0	33	36	0	fascista foram voces porque voces entraram no orgao publico destruiu que a praca dos tres poderes alguns roubaram armas no congresso nacional fez maior destruicao e agora estao querendo se defender voces tem que ir para cadeia cambada
cambada	VERB	1	33	37	0	fascista foram voces porque voces entraram no orgao publico destruiu que a praca dos tres poderes alguns roubaram armas no congresso nacional fez maior destruicao e agora estao querendo se defender voces tem que ir para cadeia cambada
32	['NOUN', 'AUX', 'PRON', 'SCONJ', 'NOUN', 'VERB', 'ADP', 'NOUN', 'ADJ', 'VERB', 'SCONJ', 'DET', 'NOUN', 'ADP', 'NOUN', 'NOUN', 'PRON', 'VERB', 'NOUN', 'ADP', 'NOUN', 'ADJ', 'VERB', 'ADJ', 'NOUN', 'CCONJ', 'ADV', 'AUX', 'VERB', 'SCONJ', 'VERB', 'NOUN', 'AUX', 'SCONJ', 'VERB', 'ADP', 'NOUN', 'VERB']	[1, 0, 1, 0, 1, 0, 0, 1, 1, 0, 0, 0, 1, 0, 1, 0, 0, 1, 0, 0, 0, 0, 0, 0, 1, 0, 0, 1, 0, 0, 0, 1, 0, 0, 0, 0, 0, 1]	33	32	1	fascista foram voces porque voces entraram no orgao publico destruiu que a praca dos tres poderes alguns roubaram armas no congresso nacional fez maior destruicao e agora estao querendo se defender voces tem que ir para cadeia cambada
tava	VERB	1	34	0	0	tava mil amores com essa cidade ate q tive meu celular furtado as 15 hra da tarde numa praca pqp quanta humilhacao vei
mil	NUM	0	34	1	0	tava mil amores com essa cidade ate q tive meu celular furtado as 15 hra da tarde numa praca pqp quanta humilhacao vei
amores	NOUN	1	34	2	0	tava mil amores com essa cidade ate q tive meu celular furtado as 15 hra da tarde numa praca pqp quanta humilhacao vei
com	ADP	0	34	3	0	tava mil amores com essa cidade ate q tive meu celular furtado as 15 hra da tarde numa praca pqp quanta humilhacao vei
essa	DET	0	34	4	0	tava mil amores com essa cidade ate q tive meu celular furtado as 15 hra da tarde numa praca pqp quanta humilhacao vei
cidade	NOUN	0	34	5	0	tava mil amores com essa cidade ate q tive meu celular furtado as 15 hra da tarde numa praca pqp quanta humilhacao vei
ate	PROPN	0	34	6	0	tava mil amores com essa cidade ate q tive meu celular furtado as 15 hra da tarde numa praca pqp quanta humilhacao vei
q	PRON	0	34	7	0	tava mil amores com essa cidade ate q tive meu celular furtado as 15 hra da tarde numa praca pqp quanta humilhacao vei
tive	VERB	1	34	8	0	tava mil amores com essa cidade ate q tive meu celular furtado as 15 hra da tarde numa praca pqp quanta humilhacao vei
meu	DET	0	34	9	0	tava mil amores com essa cidade ate q tive meu celular furtado as 15 hra da tarde numa praca pqp quanta humilhacao vei
celular	NOUN	0	34	10	0	tava mil amores com essa cidade ate q tive meu celular furtado as 15 hra da tarde numa praca pqp quanta humilhacao vei
furtado	VERB	1	34	11	0	tava mil amores com essa cidade ate q tive meu celular furtado as 15 hra da tarde numa praca pqp quanta humilhacao vei
as	DET	0	34	12	0	tava mil amores com essa cidade ate q tive meu celular furtado as 15 hra da tarde numa praca pqp quanta humilhacao vei
15	NUM	0	34	13	0	tava mil amores com essa cidade ate q tive meu celular furtado as 15 hra da tarde numa praca pqp quanta humilhacao vei
hra	NOUN	1	34	14	0	tava mil amores com essa cidade ate q tive meu celular furtado as 15 hra da tarde numa praca pqp quanta humilhacao vei
da	ADP	0	34	15	0	tava mil amores com essa cidade ate q tive meu celular furtado as 15 hra da tarde numa praca pqp quanta humilhacao vei
tarde	NOUN	0	34	16	0	tava mil amores com essa cidade ate q tive meu celular furtado as 15 hra da tarde numa praca pqp quanta humilhacao vei
numa	ADP	0	34	17	0	tava mil amores com essa cidade ate q tive meu celular furtado as 15 hra da tarde numa praca pqp quanta humilhacao vei
praca	NOUN	1	34	18	0	tava mil amores com essa cidade ate q tive meu celular furtado as 15 hra da tarde numa praca pqp quanta humilhacao vei
pqp	X	1	34	19	0	tava mil amores com essa cidade ate q tive meu celular furtado as 15 hra da tarde numa praca pqp quanta humilhacao vei
quanta	NOUN	1	34	20	0	tava mil amores com essa cidade ate q tive meu celular furtado as 15 hra da tarde numa praca pqp quanta humilhacao vei
humilhacao	PROPN	1	34	21	0	tava mil amores com essa cidade ate q tive meu celular furtado as 15 hra da tarde numa praca pqp quanta humilhacao vei
vei	PROPN	1	34	22	0	tava mil amores com essa cidade ate q tive meu celular furtado as 15 hra da tarde numa praca pqp quanta humilhacao vei
33	['VERB', 'NUM', 'NOUN', 'ADP', 'DET', 'NOUN', 'PROPN', 'PRON', 'VERB', 'DET', 'NOUN', 'VERB', 'DET', 'NUM', 'NOUN', 'ADP', 'NOUN', 'ADP', 'NOUN', 'X', 'NOUN', 'PROPN', 'PROPN']	[1, 0, 1, 0, 0, 0, 0, 0, 1, 0, 0, 1, 0, 0, 1, 0, 0, 0, 1, 1, 1, 1, 1]	34	33	1	tava mil amores com essa cidade ate q tive meu celular furtado as 15 hra da tarde numa praca pqp quanta humilhacao vei
um	DET	0	35	0	0	um velho do outro lado da avenida no ponto de onibus contrario ao meu mexendo comigo realmente tudo q eu pedi hoje era assedio a distancia
velho	NOUN	0	35	1	0	um velho do outro lado da avenida no ponto de onibus contrario ao meu mexendo comigo realmente tudo q eu pedi hoje era assedio a distancia
do	ADP	0	35	2	0	um velho do outro lado da avenida no ponto de onibus contrario ao meu mexendo comigo realmente tudo q eu pedi hoje era assedio a distancia
outro	DET	0	35	3	0	um velho do outro lado da avenida no ponto de onibus contrario ao meu mexendo comigo realmente tudo q eu pedi hoje era assedio a distancia
lado	NOUN	0	35	4	0	um velho do outro lado da avenida no ponto de onibus contrario ao meu mexendo comigo realmente tudo q eu pedi hoje era assedio a distancia
da	ADP	0	35	5	0	um velho do outro lado da avenida no ponto de onibus contrario ao meu mexendo comigo realmente tudo q eu pedi hoje era assedio a distancia
avenida	NOUN	0	35	6	0	um velho do outro lado da avenida no ponto de onibus contrario ao meu mexendo comigo realmente tudo q eu pedi hoje era assedio a distancia
no	ADP	0	35	7	0	um velho do outro lado da avenida no ponto de onibus contrario ao meu mexendo comigo realmente tudo q eu pedi hoje era assedio a distancia
ponto	NOUN	0	35	8	0	um velho do outro lado da avenida no ponto de onibus contrario ao meu mexendo comigo realmente tudo q eu pedi hoje era assedio a distancia
de	ADP	0	35	9	0	um velho do outro lado da avenida no ponto de onibus contrario ao meu mexendo comigo realmente tudo q eu pedi hoje era assedio a distancia
onibus	NOUN	1	35	10	0	um velho do outro lado da avenida no ponto de onibus contrario ao meu mexendo comigo realmente tudo q eu pedi hoje era assedio a distancia
contrario	ADJ	1	35	11	0	um velho do outro lado da avenida no ponto de onibus contrario ao meu mexendo comigo realmente tudo q eu pedi hoje era assedio a distancia
ao	ADP	0	35	12	0	um velho do outro lado da avenida no ponto de onibus contrario ao meu mexendo comigo realmente tudo q eu pedi hoje era assedio a distancia
meu	DET	0	35	13	0	um velho do outro lado da avenida no ponto de onibus contrario ao meu mexendo comigo realmente tudo q eu pedi hoje era assedio a distancia
mexendo	VERB	1	35	14	0	um velho do outro lado da avenida no ponto de onibus contrario ao meu mexendo comigo realmente tudo q eu pedi hoje era assedio a distancia
comigo	NOUN	1	35	15	0	um velho do outro lado da avenida no ponto de onibus contrario ao meu mexendo comigo realmente tudo q eu pedi hoje era assedio a distancia
realmente	ADV	0	35	16	0	um velho do outro lado da avenida no ponto de onibus contrario ao meu mexendo comigo realmente tudo q eu pedi hoje era assedio a distancia
tudo	PRON	0	35	17	0	um velho do outro lado da avenida no ponto de onibus contrario ao meu mexendo comigo realmente tudo q eu pedi hoje era assedio a distancia
q	PRON	0	35	18	0	um velho do outro lado da avenida no ponto de onibus contrario ao meu mexendo comigo realmente tudo q eu pedi hoje era assedio a distancia
eu	PRON	0	35	19	0	um velho do outro lado da avenida no ponto de onibus contrario ao meu mexendo comigo realmente tudo q eu pedi hoje era assedio a distancia
pedi	VERB	1	35	20	0	um velho do outro lado da avenida no ponto de onibus contrario ao meu mexendo comigo realmente tudo q eu pedi hoje era assedio a distancia
hoje	ADV	0	35	21	0	um velho do outro lado da avenida no ponto de onibus contrario ao meu mexendo comigo realmente tudo q eu pedi hoje era assedio a distancia
era	AUX	0	35	22	0	um velho do outro lado da avenida no ponto de onibus contrario ao meu mexendo comigo realmente tudo q eu pedi hoje era assedio a distancia
assedio	VERB	1	35	23	0	um velho do outro lado da avenida no ponto de onibus contrario ao meu mexendo comigo realmente tudo q eu pedi hoje era assedio a distancia
a	DET	0	35	24	0	um velho do outro lado da avenida no ponto de onibus contrario ao meu mexendo comigo realmente tudo q eu pedi hoje era assedio a distancia
distancia	NOUN	0	35	25	0	um velho do outro lado da avenida no ponto de onibus contrario ao meu mexendo comigo realmente tudo q eu pedi hoje era assedio a distancia
34	['DET', 'NOUN', 'ADP', 'DET', 'NOUN', 'ADP', 'NOUN', 'ADP', 'NOUN', 'ADP', 'NOUN', 'ADJ', 'ADP', 'DET', 'VERB', 'NOUN', 'ADV', 'PRON', 'PRON', 'PRON', 'VERB', 'ADV', 'AUX', 'VERB', 'DET', 'NOUN']	[0, 0, 0, 0, 0, 0, 0, 0, 0, 0, 1, 1, 0, 0, 1, 1, 0, 0, 0, 0, 1, 0, 0, 1, 0, 0]	35	34	1	um velho do outro lado da avenida no ponto de onibus contrario ao meu mexendo comigo realmente tudo q eu pedi hoje era assedio a distancia
ja	PROPN	0	36	0	0	ja assaltaram o mercadinho do meu bairro as 1837 da tarde
assaltaram	VERB	1	36	1	0	ja assaltaram o mercadinho do meu bairro as 1837 da tarde
o	DET	0	36	2	0	ja assaltaram o mercadinho do meu bairro as 1837 da tarde
mercadinho	NOUN	1	36	3	0	ja assaltaram o mercadinho do meu bairro as 1837 da tarde
do	ADP	0	36	4	0	ja assaltaram o mercadinho do meu bairro as 1837 da tarde
meu	DET	0	36	5	0	ja assaltaram o mercadinho do meu bairro as 1837 da tarde
bairro	NOUN	0	36	6	0	ja assaltaram o mercadinho do meu bairro as 1837 da tarde
as	DET	0	36	7	0	ja assaltaram o mercadinho do meu bairro as 1837 da tarde
1837	NUM	1	36	8	0	ja assaltaram o mercadinho do meu bairro as 1837 da tarde
da	ADP	0	36	9	0	ja assaltaram o mercadinho do meu bairro as 1837 da tarde
tarde	NOUN	0	36	10	0	ja assaltaram o mercadinho do meu bairro as 1837 da tarde
35	['PROPN', 'VERB', 'DET', 'NOUN', 'ADP', 'DET', 'NOUN', 'DET', 'NUM', 'ADP', 'NOUN']	[0, 1, 0, 1, 0, 0, 0, 0, 1, 0, 0]	36	35	1	ja assaltaram o mercadinho do meu bairro as 1837 da tarde
quinta	NOUN	0	37	0	0	quinta passada umas 2h40min da manha tinha um maluco gritando que tava sendo assaltado na praca valdelino cecio olha a hora po o cara mesmo se coloca numa situacao de risco
passada	ADJ	0	37	1	0	quinta passada umas 2h40min da manha tinha um maluco gritando que tava sendo assaltado na praca valdelino cecio olha a hora po o cara mesmo se coloca numa situacao de risco
umas	DET	0	37	2	0	quinta passada umas 2h40min da manha tinha um maluco gritando que tava sendo assaltado na praca valdelino cecio olha a hora po o cara mesmo se coloca numa situacao de risco
2h40min	NUM	1	37	3	0	quinta passada umas 2h40min da manha tinha um maluco gritando que tava sendo assaltado na praca valdelino cecio olha a hora po o cara mesmo se coloca numa situacao de risco
da	ADP	0	37	4	0	quinta passada umas 2h40min da manha tinha um maluco gritando que tava sendo assaltado na praca valdelino cecio olha a hora po o cara mesmo se coloca numa situacao de risco
manha	NOUN	1	37	5	0	quinta passada umas 2h40min da manha tinha um maluco gritando que tava sendo assaltado na praca valdelino cecio olha a hora po o cara mesmo se coloca numa situacao de risco
tinha	VERB	0	37	6	0	quinta passada umas 2h40min da manha tinha um maluco gritando que tava sendo assaltado na praca valdelino cecio olha a hora po o cara mesmo se coloca numa situacao de risco
um	DET	0	37	7	0	quinta passada umas 2h40min da manha tinha um maluco gritando que tava sendo assaltado na praca valdelino cecio olha a hora po o cara mesmo se coloca numa situacao de risco
maluco	NOUN	1	37	8	0	quinta passada umas 2h40min da manha tinha um maluco gritando que tava sendo assaltado na praca valdelino cecio olha a hora po o cara mesmo se coloca numa situacao de risco
gritando	VERB	1	37	9	0	quinta passada umas 2h40min da manha tinha um maluco gritando que tava sendo assaltado na praca valdelino cecio olha a hora po o cara mesmo se coloca numa situacao de risco
que	SCONJ	0	37	10	0	quinta passada umas 2h40min da manha tinha um maluco gritando que tava sendo assaltado na praca valdelino cecio olha a hora po o cara mesmo se coloca numa situacao de risco
tava	AUX	1	37	11	0	quinta passada umas 2h40min da manha tinha um maluco gritando que tava sendo assaltado na praca valdelino cecio olha a hora po o cara mesmo se coloca numa situacao de risco
sendo	AUX	0	37	12	0	quinta passada umas 2h40min da manha tinha um maluco gritando que tava sendo assaltado na praca valdelino cecio olha a hora po o cara mesmo se coloca numa situacao de risco
assaltado	VERB	1	37	13	0	quinta passada umas 2h40min da manha tinha um maluco gritando que tava sendo assaltado na praca valdelino cecio olha a hora po o cara mesmo se coloca numa situacao de risco
na	ADP	0	37	14	0	quinta passada umas 2h40min da manha tinha um maluco gritando que tava sendo assaltado na praca valdelino cecio olha a hora po o cara mesmo se coloca numa situacao de risco
praca	NOUN	1	37	15	0	quinta passada umas 2h40min da manha tinha um maluco gritando que tava sendo assaltado na praca valdelino cecio olha a hora po o cara mesmo se coloca numa situacao de risco
valdelino	PROPN	1	37	16	0	quinta passada umas 2h40min da manha tinha um maluco gritando que tava sendo assaltado na praca valdelino cecio olha a hora po o cara mesmo se coloca numa situacao de risco
cecio	ADJ	1	37	17	0	quinta passada umas 2h40min da manha tinha um maluco gritando que tava sendo assaltado na praca valdelino cecio olha a hora po o cara mesmo se coloca numa situacao de risco
olha	VERB	1	37	18	0	quinta passada umas 2h40min da manha tinha um maluco gritando que tava sendo assaltado na praca valdelino cecio olha a hora po o cara mesmo se coloca numa situacao de risco
a	DET	0	37	19	0	quinta passada umas 2h40min da manha tinha um maluco gritando que tava sendo assaltado na praca valdelino cecio olha a hora po o cara mesmo se coloca numa situacao de risco
hora	NOUN	0	37	20	0	quinta passada umas 2h40min da manha tinha um maluco gritando que tava sendo assaltado na praca valdelino cecio olha a hora po o cara mesmo se coloca numa situacao de risco
po	PROPN	0	37	21	0	quinta passada umas 2h40min da manha tinha um maluco gritando que tava sendo assaltado na praca valdelino cecio olha a hora po o cara mesmo se coloca numa situacao de risco
o	DET	0	37	22	0	quinta passada umas 2h40min da manha tinha um maluco gritando que tava sendo assaltado na praca valdelino cecio olha a hora po o cara mesmo se coloca numa situacao de risco
cara	NOUN	0	37	23	0	quinta passada umas 2h40min da manha tinha um maluco gritando que tava sendo assaltado na praca valdelino cecio olha a hora po o cara mesmo se coloca numa situacao de risco
mesmo	ADV	0	37	24	0	quinta passada umas 2h40min da manha tinha um maluco gritando que tava sendo assaltado na praca valdelino cecio olha a hora po o cara mesmo se coloca numa situacao de risco
se	PRON	0	37	25	0	quinta passada umas 2h40min da manha tinha um maluco gritando que tava sendo assaltado na praca valdelino cecio olha a hora po o cara mesmo se coloca numa situacao de risco
coloca	VERB	0	37	26	0	quinta passada umas 2h40min da manha tinha um maluco gritando que tava sendo assaltado na praca valdelino cecio olha a hora po o cara mesmo se coloca numa situacao de risco
numa	ADP	0	37	27	0	quinta passada umas 2h40min da manha tinha um maluco gritando que tava sendo assaltado na praca valdelino cecio olha a hora po o cara mesmo se coloca numa situacao de risco
situacao	NOUN	1	37	28	0	quinta passada umas 2h40min da manha tinha um maluco gritando que tava sendo assaltado na praca valdelino cecio olha a hora po o cara mesmo se coloca numa situacao de risco
de	ADP	0	37	29	0	quinta passada umas 2h40min da manha tinha um maluco gritando que tava sendo assaltado na praca valdelino cecio olha a hora po o cara mesmo se coloca numa situacao de risco
risco	NOUN	0	37	30	0	quinta passada umas 2h40min da manha tinha um maluco gritando que tava sendo assaltado na praca valdelino cecio olha a hora po o cara mesmo se coloca numa situacao de risco
36	['NOUN', 'ADJ', 'DET', 'NUM', 'ADP', 'NOUN', 'VERB', 'DET', 'NOUN', 'VERB', 'SCONJ', 'AUX', 'AUX', 'VERB', 'ADP', 'NOUN', 'PROPN', 'ADJ', 'VERB', 'DET', 'NOUN', 'PROPN', 'DET', 'NOUN', 'ADV', 'PRON', 'VERB', 'ADP', 'NOUN', 'ADP', 'NOUN']	[0, 0, 0, 1, 0, 1, 0, 0, 1, 1, 0, 1, 0, 1, 0, 1, 1, 1, 1, 0, 0, 0, 0, 0, 0, 0, 0, 0, 1, 0, 0]	37	36	1	quinta passada umas 2h40min da manha tinha um maluco gritando que tava sendo assaltado na praca valdelino cecio olha a hora po o cara mesmo se coloca numa situacao de risco
e	CCONJ	0	38	0	0	e o melhor remedio pra bandidos no servico publico deveria ser crime hediondo quantos confiaram e morreram nas filas e por ladrao de rua
o	DET	0	38	1	0	e o melhor remedio pra bandidos no servico publico deveria ser crime hediondo quantos confiaram e morreram nas filas e por ladrao de rua
melhor	ADJ	0	38	2	0	e o melhor remedio pra bandidos no servico publico deveria ser crime hediondo quantos confiaram e morreram nas filas e por ladrao de rua
remedio	NOUN	1	38	3	0	e o melhor remedio pra bandidos no servico publico deveria ser crime hediondo quantos confiaram e morreram nas filas e por ladrao de rua
pra	ADP	0	38	4	0	e o melhor remedio pra bandidos no servico publico deveria ser crime hediondo quantos confiaram e morreram nas filas e por ladrao de rua
bandidos	NOUN	1	38	5	0	e o melhor remedio pra bandidos no servico publico deveria ser crime hediondo quantos confiaram e morreram nas filas e por ladrao de rua
no	ADP	0	38	6	0	e o melhor remedio pra bandidos no servico publico deveria ser crime hediondo quantos confiaram e morreram nas filas e por ladrao de rua
servico	NOUN	1	38	7	0	e o melhor remedio pra bandidos no servico publico deveria ser crime hediondo quantos confiaram e morreram nas filas e por ladrao de rua
publico	ADJ	1	38	8	0	e o melhor remedio pra bandidos no servico publico deveria ser crime hediondo quantos confiaram e morreram nas filas e por ladrao de rua
deveria	VERB	0	38	9	0	e o melhor remedio pra bandidos no servico publico deveria ser crime hediondo quantos confiaram e morreram nas filas e por ladrao de rua
ser	AUX	0	38	10	0	e o melhor remedio pra bandidos no servico publico deveria ser crime hediondo quantos confiaram e morreram nas filas e por ladrao de rua
crime	NOUN	0	38	11	0	e o melhor remedio pra bandidos no servico publico deveria ser crime hediondo quantos confiaram e morreram nas filas e por ladrao de rua
hediondo	ADJ	1	38	12	0	e o melhor remedio pra bandidos no servico publico deveria ser crime hediondo quantos confiaram e morreram nas filas e por ladrao de rua
quantos	PRON	1	38	13	0	e o melhor remedio pra bandidos no servico publico deveria ser crime hediondo quantos confiaram e morreram nas filas e por ladrao de rua
confiaram	VERB	1	38	14	0	e o melhor remedio pra bandidos no servico publico deveria ser crime hediondo quantos confiaram e morreram nas filas e por ladrao de rua
e	CCONJ	0	38	15	0	e o melhor remedio pra bandidos no servico publico deveria ser crime hediondo quantos confiaram e morreram nas filas e por ladrao de rua
morreram	VERB	0	38	16	0	e o melhor remedio pra bandidos no servico publico deveria ser crime hediondo quantos confiaram e morreram nas filas e por ladrao de rua
nas	ADP	0	38	17	0	e o melhor remedio pra bandidos no servico publico deveria ser crime hediondo quantos confiaram e morreram nas filas e por ladrao de rua
filas	NOUN	1	38	18	0	e o melhor remedio pra bandidos no servico publico deveria ser crime hediondo quantos confiaram e morreram nas filas e por ladrao de rua
e	CCONJ	0	38	19	0	e o melhor remedio pra bandidos no servico publico deveria ser crime hediondo quantos confiaram e morreram nas filas e por ladrao de rua
por	ADP	0	38	20	0	e o melhor remedio pra bandidos no servico publico deveria ser crime hediondo quantos confiaram e morreram nas filas e por ladrao de rua
ladrao	NOUN	1	38	21	0	e o melhor remedio pra bandidos no servico publico deveria ser crime hediondo quantos confiaram e morreram nas filas e por ladrao de rua
de	ADP	0	38	22	0	e o melhor remedio pra bandidos no servico publico deveria ser crime hediondo quantos confiaram e morreram nas filas e por ladrao de rua
rua	NOUN	0	38	23	0	e o melhor remedio pra bandidos no servico publico deveria ser crime hediondo quantos confiaram e morreram nas filas e por ladrao de rua
37	['CCONJ', 'DET', 'ADJ', 'NOUN', 'ADP', 'NOUN', 'ADP', 'NOUN', 'ADJ', 'VERB', 'AUX', 'NOUN', 'ADJ', 'PRON', 'VERB', 'CCONJ', 'VERB', 'ADP', 'NOUN', 'CCONJ', 'ADP', 'NOUN', 'ADP', 'NOUN']	[0, 0, 0, 1, 0, 1, 0, 1, 1, 0, 0, 0, 1, 1, 1, 0, 0, 0, 1, 0, 0, 1, 0, 0]	38	37	1	e o melhor remedio pra bandidos no servico publico deveria ser crime hediondo quantos confiaram e morreram nas filas e por ladrao de rua
tino	NOUN	1	39	0	0	tino nos ajude kombi de trabalho de um senhor aqui da rua foi furtada essa madrugada na porta de casa balancogeralrj
nos	ADP	0	39	1	0	tino nos ajude kombi de trabalho de um senhor aqui da rua foi furtada essa madrugada na porta de casa balancogeralrj
ajude	VERB	1	39	2	0	tino nos ajude kombi de trabalho de um senhor aqui da rua foi furtada essa madrugada na porta de casa balancogeralrj
kombi	NOUN	1	39	3	0	tino nos ajude kombi de trabalho de um senhor aqui da rua foi furtada essa madrugada na porta de casa balancogeralrj
de	ADP	0	39	4	0	tino nos ajude kombi de trabalho de um senhor aqui da rua foi furtada essa madrugada na porta de casa balancogeralrj
trabalho	NOUN	0	39	5	0	tino nos ajude kombi de trabalho de um senhor aqui da rua foi furtada essa madrugada na porta de casa balancogeralrj
de	ADP	0	39	6	0	tino nos ajude kombi de trabalho de um senhor aqui da rua foi furtada essa madrugada na porta de casa balancogeralrj
um	DET	0	39	7	0	tino nos ajude kombi de trabalho de um senhor aqui da rua foi furtada essa madrugada na porta de casa balancogeralrj
senhor	NOUN	0	39	8	0	tino nos ajude kombi de trabalho de um senhor aqui da rua foi furtada essa madrugada na porta de casa balancogeralrj
aqui	ADV	0	39	9	0	tino nos ajude kombi de trabalho de um senhor aqui da rua foi furtada essa madrugada na porta de casa balancogeralrj
da	ADP	0	39	10	0	tino nos ajude kombi de trabalho de um senhor aqui da rua foi furtada essa madrugada na porta de casa balancogeralrj
rua	NOUN	0	39	11	0	tino nos ajude kombi de trabalho de um senhor aqui da rua foi furtada essa madrugada na porta de casa balancogeralrj
foi	AUX	0	39	12	0	tino nos ajude kombi de trabalho de um senhor aqui da rua foi furtada essa madrugada na porta de casa balancogeralrj
furtada	VERB	1	39	13	0	tino nos ajude kombi de trabalho de um senhor aqui da rua foi furtada essa madrugada na porta de casa balancogeralrj
essa	DET	0	39	14	0	tino nos ajude kombi de trabalho de um senhor aqui da rua foi furtada essa madrugada na porta de casa balancogeralrj
madrugada	NOUN	0	39	15	0	tino nos ajude kombi de trabalho de um senhor aqui da rua foi furtada essa madrugada na porta de casa balancogeralrj
na	ADP	0	39	16	0	tino nos ajude kombi de trabalho de um senhor aqui da rua foi furtada essa madrugada na porta de casa balancogeralrj
porta	NOUN	0	39	17	0	tino nos ajude kombi de trabalho de um senhor aqui da rua foi furtada essa madrugada na porta de casa balancogeralrj
de	ADP	0	39	18	0	tino nos ajude kombi de trabalho de um senhor aqui da rua foi furtada essa madrugada na porta de casa balancogeralrj
casa	NOUN	0	39	19	0	tino nos ajude kombi de trabalho de um senhor aqui da rua foi furtada essa madrugada na porta de casa balancogeralrj
balancogeralrj	PROPN	1	39	20	0	tino nos ajude kombi de trabalho de um senhor aqui da rua foi furtada essa madrugada na porta de casa balancogeralrj
38	['NOUN', 'ADP', 'VERB', 'NOUN', 'ADP', 'NOUN', 'ADP', 'DET', 'NOUN', 'ADV', 'ADP', 'NOUN', 'AUX', 'VERB', 'DET', 'NOUN', 'ADP', 'NOUN', 'ADP', 'NOUN', 'PROPN']	[1, 0, 1, 1, 0, 0, 0, 0, 0, 0, 0, 0, 0, 1, 0, 0, 0, 0, 0, 0, 1]	39	38	1	tino nos ajude kombi de trabalho de um senhor aqui da rua foi furtada essa madrugada na porta de casa balancogeralrj
farmacia	NOUN	1	40	0	0	farmacia assaltada na avenida centenario perto da rodoviaria na tarde desta quinta bandido chegou de jaqueta preta e carregando um revolver cromado e levou todo o dinheiro do caixa a bandidagem segue acelerada em criciuma
assaltada	VERB	1	40	1	0	farmacia assaltada na avenida centenario perto da rodoviaria na tarde desta quinta bandido chegou de jaqueta preta e carregando um revolver cromado e levou todo o dinheiro do caixa a bandidagem segue acelerada em criciuma
na	ADP	0	40	2	0	farmacia assaltada na avenida centenario perto da rodoviaria na tarde desta quinta bandido chegou de jaqueta preta e carregando um revolver cromado e levou todo o dinheiro do caixa a bandidagem segue acelerada em criciuma
avenida	NOUN	0	40	3	0	farmacia assaltada na avenida centenario perto da rodoviaria na tarde desta quinta bandido chegou de jaqueta preta e carregando um revolver cromado e levou todo o dinheiro do caixa a bandidagem segue acelerada em criciuma
centenario	ADJ	1	40	4	0	farmacia assaltada na avenida centenario perto da rodoviaria na tarde desta quinta bandido chegou de jaqueta preta e carregando um revolver cromado e levou todo o dinheiro do caixa a bandidagem segue acelerada em criciuma
perto	ADV	0	40	5	0	farmacia assaltada na avenida centenario perto da rodoviaria na tarde desta quinta bandido chegou de jaqueta preta e carregando um revolver cromado e levou todo o dinheiro do caixa a bandidagem segue acelerada em criciuma
da	ADP	0	40	6	0	farmacia assaltada na avenida centenario perto da rodoviaria na tarde desta quinta bandido chegou de jaqueta preta e carregando um revolver cromado e levou todo o dinheiro do caixa a bandidagem segue acelerada em criciuma
rodoviaria	NOUN	1	40	7	0	farmacia assaltada na avenida centenario perto da rodoviaria na tarde desta quinta bandido chegou de jaqueta preta e carregando um revolver cromado e levou todo o dinheiro do caixa a bandidagem segue acelerada em criciuma
na	ADP	0	40	8	0	farmacia assaltada na avenida centenario perto da rodoviaria na tarde desta quinta bandido chegou de jaqueta preta e carregando um revolver cromado e levou todo o dinheiro do caixa a bandidagem segue acelerada em criciuma
tarde	NOUN	0	40	9	0	farmacia assaltada na avenida centenario perto da rodoviaria na tarde desta quinta bandido chegou de jaqueta preta e carregando um revolver cromado e levou todo o dinheiro do caixa a bandidagem segue acelerada em criciuma
desta	ADP	0	40	10	0	farmacia assaltada na avenida centenario perto da rodoviaria na tarde desta quinta bandido chegou de jaqueta preta e carregando um revolver cromado e levou todo o dinheiro do caixa a bandidagem segue acelerada em criciuma
quinta	ADJ	0	40	11	0	farmacia assaltada na avenida centenario perto da rodoviaria na tarde desta quinta bandido chegou de jaqueta preta e carregando um revolver cromado e levou todo o dinheiro do caixa a bandidagem segue acelerada em criciuma
bandido	NOUN	1	40	12	0	farmacia assaltada na avenida centenario perto da rodoviaria na tarde desta quinta bandido chegou de jaqueta preta e carregando um revolver cromado e levou todo o dinheiro do caixa a bandidagem segue acelerada em criciuma
chegou	VERB	0	40	13	0	farmacia assaltada na avenida centenario perto da rodoviaria na tarde desta quinta bandido chegou de jaqueta preta e carregando um revolver cromado e levou todo o dinheiro do caixa a bandidagem segue acelerada em criciuma
de	ADP	0	40	14	0	farmacia assaltada na avenida centenario perto da rodoviaria na tarde desta quinta bandido chegou de jaqueta preta e carregando um revolver cromado e levou todo o dinheiro do caixa a bandidagem segue acelerada em criciuma
jaqueta	NOUN	1	40	15	0	farmacia assaltada na avenida centenario perto da rodoviaria na tarde desta quinta bandido chegou de jaqueta preta e carregando um revolver cromado e levou todo o dinheiro do caixa a bandidagem segue acelerada em criciuma
preta	ADJ	0	40	16	0	farmacia assaltada na avenida centenario perto da rodoviaria na tarde desta quinta bandido chegou de jaqueta preta e carregando um revolver cromado e levou todo o dinheiro do caixa a bandidagem segue acelerada em criciuma
e	CCONJ	0	40	17	0	farmacia assaltada na avenida centenario perto da rodoviaria na tarde desta quinta bandido chegou de jaqueta preta e carregando um revolver cromado e levou todo o dinheiro do caixa a bandidagem segue acelerada em criciuma
carregando	VERB	1	40	18	0	farmacia assaltada na avenida centenario perto da rodoviaria na tarde desta quinta bandido chegou de jaqueta preta e carregando um revolver cromado e levou todo o dinheiro do caixa a bandidagem segue acelerada em criciuma
um	DET	0	40	19	0	farmacia assaltada na avenida centenario perto da rodoviaria na tarde desta quinta bandido chegou de jaqueta preta e carregando um revolver cromado e levou todo o dinheiro do caixa a bandidagem segue acelerada em criciuma
revolver	VERB	1	40	20	0	farmacia assaltada na avenida centenario perto da rodoviaria na tarde desta quinta bandido chegou de jaqueta preta e carregando um revolver cromado e levou todo o dinheiro do caixa a bandidagem segue acelerada em criciuma
cromado	VERB	1	40	21	0	farmacia assaltada na avenida centenario perto da rodoviaria na tarde desta quinta bandido chegou de jaqueta preta e carregando um revolver cromado e levou todo o dinheiro do caixa a bandidagem segue acelerada em criciuma
e	CCONJ	0	40	22	0	farmacia assaltada na avenida centenario perto da rodoviaria na tarde desta quinta bandido chegou de jaqueta preta e carregando um revolver cromado e levou todo o dinheiro do caixa a bandidagem segue acelerada em criciuma
levou	VERB	0	40	23	0	farmacia assaltada na avenida centenario perto da rodoviaria na tarde desta quinta bandido chegou de jaqueta preta e carregando um revolver cromado e levou todo o dinheiro do caixa a bandidagem segue acelerada em criciuma
todo	DET	0	40	24	0	farmacia assaltada na avenida centenario perto da rodoviaria na tarde desta quinta bandido chegou de jaqueta preta e carregando um revolver cromado e levou todo o dinheiro do caixa a bandidagem segue acelerada em criciuma
o	DET	0	40	25	0	farmacia assaltada na avenida centenario perto da rodoviaria na tarde desta quinta bandido chegou de jaqueta preta e carregando um revolver cromado e levou todo o dinheiro do caixa a bandidagem segue acelerada em criciuma
dinheiro	NOUN	0	40	26	0	farmacia assaltada na avenida centenario perto da rodoviaria na tarde desta quinta bandido chegou de jaqueta preta e carregando um revolver cromado e levou todo o dinheiro do caixa a bandidagem segue acelerada em criciuma
do	ADP	0	40	27	0	farmacia assaltada na avenida centenario perto da rodoviaria na tarde desta quinta bandido chegou de jaqueta preta e carregando um revolver cromado e levou todo o dinheiro do caixa a bandidagem segue acelerada em criciuma
caixa	NOUN	0	40	28	0	farmacia assaltada na avenida centenario perto da rodoviaria na tarde desta quinta bandido chegou de jaqueta preta e carregando um revolver cromado e levou todo o dinheiro do caixa a bandidagem segue acelerada em criciuma
a	DET	0	40	29	0	farmacia assaltada na avenida centenario perto da rodoviaria na tarde desta quinta bandido chegou de jaqueta preta e carregando um revolver cromado e levou todo o dinheiro do caixa a bandidagem segue acelerada em criciuma
bandidagem	NOUN	1	40	30	0	farmacia assaltada na avenida centenario perto da rodoviaria na tarde desta quinta bandido chegou de jaqueta preta e carregando um revolver cromado e levou todo o dinheiro do caixa a bandidagem segue acelerada em criciuma
segue	VERB	0	40	31	0	farmacia assaltada na avenida centenario perto da rodoviaria na tarde desta quinta bandido chegou de jaqueta preta e carregando um revolver cromado e levou todo o dinheiro do caixa a bandidagem segue acelerada em criciuma
acelerada	VERB	1	40	32	0	farmacia assaltada na avenida centenario perto da rodoviaria na tarde desta quinta bandido chegou de jaqueta preta e carregando um revolver cromado e levou todo o dinheiro do caixa a bandidagem segue acelerada em criciuma
em	ADP	0	40	33	0	farmacia assaltada na avenida centenario perto da rodoviaria na tarde desta quinta bandido chegou de jaqueta preta e carregando um revolver cromado e levou todo o dinheiro do caixa a bandidagem segue acelerada em criciuma
criciuma	NOUN	1	40	34	0	farmacia assaltada na avenida centenario perto da rodoviaria na tarde desta quinta bandido chegou de jaqueta preta e carregando um revolver cromado e levou todo o dinheiro do caixa a bandidagem segue acelerada em criciuma
39	['NOUN', 'VERB', 'ADP', 'NOUN', 'ADJ', 'ADV', 'ADP', 'NOUN', 'ADP', 'NOUN', 'ADP', 'ADJ', 'NOUN', 'VERB', 'ADP', 'NOUN', 'ADJ', 'CCONJ', 'VERB', 'DET', 'VERB', 'VERB', 'CCONJ', 'VERB', 'DET', 'DET', 'NOUN', 'ADP', 'NOUN', 'DET', 'NOUN', 'VERB', 'VERB', 'ADP', 'NOUN']	[1, 1, 0, 0, 1, 0, 0, 1, 0, 0, 0, 0, 1, 0, 0, 1, 0, 0, 1, 0, 1, 1, 0, 0, 0, 0, 0, 0, 0, 0, 1, 0, 1, 0, 1]	40	39	1	farmacia assaltada na avenida centenario perto da rodoviaria na tarde desta quinta bandido chegou de jaqueta preta e carregando um revolver cromado e levou todo o dinheiro do caixa a bandidagem segue acelerada em criciuma
tbm	PROPN	1	41	0	0	tbm moro em bairro denso mas arborizado e cboa qualidade de vidaa medida que foi densificando o transito aumentou mendigos e assaltos mais frequentes e apagoesagora esta sendo construido predio ao ladoq me tirou a vista e sol da tarde as maravilhas da densificacao
moro	VERB	1	41	1	0	tbm moro em bairro denso mas arborizado e cboa qualidade de vidaa medida que foi densificando o transito aumentou mendigos e assaltos mais frequentes e apagoesagora esta sendo construido predio ao ladoq me tirou a vista e sol da tarde as maravilhas da densificacao
em	ADP	0	41	2	0	tbm moro em bairro denso mas arborizado e cboa qualidade de vidaa medida que foi densificando o transito aumentou mendigos e assaltos mais frequentes e apagoesagora esta sendo construido predio ao ladoq me tirou a vista e sol da tarde as maravilhas da densificacao
bairro	NOUN	0	41	3	0	tbm moro em bairro denso mas arborizado e cboa qualidade de vidaa medida que foi densificando o transito aumentou mendigos e assaltos mais frequentes e apagoesagora esta sendo construido predio ao ladoq me tirou a vista e sol da tarde as maravilhas da densificacao
denso	ADJ	1	41	4	0	tbm moro em bairro denso mas arborizado e cboa qualidade de vidaa medida que foi densificando o transito aumentou mendigos e assaltos mais frequentes e apagoesagora esta sendo construido predio ao ladoq me tirou a vista e sol da tarde as maravilhas da densificacao
mas	CCONJ	0	41	5	0	tbm moro em bairro denso mas arborizado e cboa qualidade de vidaa medida que foi densificando o transito aumentou mendigos e assaltos mais frequentes e apagoesagora esta sendo construido predio ao ladoq me tirou a vista e sol da tarde as maravilhas da densificacao
arborizado	VERB	1	41	6	0	tbm moro em bairro denso mas arborizado e cboa qualidade de vidaa medida que foi densificando o transito aumentou mendigos e assaltos mais frequentes e apagoesagora esta sendo construido predio ao ladoq me tirou a vista e sol da tarde as maravilhas da densificacao
e	CCONJ	0	41	7	0	tbm moro em bairro denso mas arborizado e cboa qualidade de vidaa medida que foi densificando o transito aumentou mendigos e assaltos mais frequentes e apagoesagora esta sendo construido predio ao ladoq me tirou a vista e sol da tarde as maravilhas da densificacao
cboa	NOUN	1	41	8	0	tbm moro em bairro denso mas arborizado e cboa qualidade de vidaa medida que foi densificando o transito aumentou mendigos e assaltos mais frequentes e apagoesagora esta sendo construido predio ao ladoq me tirou a vista e sol da tarde as maravilhas da densificacao
qualidade	NOUN	0	41	9	0	tbm moro em bairro denso mas arborizado e cboa qualidade de vidaa medida que foi densificando o transito aumentou mendigos e assaltos mais frequentes e apagoesagora esta sendo construido predio ao ladoq me tirou a vista e sol da tarde as maravilhas da densificacao
de	ADP	0	41	10	0	tbm moro em bairro denso mas arborizado e cboa qualidade de vidaa medida que foi densificando o transito aumentou mendigos e assaltos mais frequentes e apagoesagora esta sendo construido predio ao ladoq me tirou a vista e sol da tarde as maravilhas da densificacao
vidaa	NOUN	1	41	11	0	tbm moro em bairro denso mas arborizado e cboa qualidade de vidaa medida que foi densificando o transito aumentou mendigos e assaltos mais frequentes e apagoesagora esta sendo construido predio ao ladoq me tirou a vista e sol da tarde as maravilhas da densificacao
medida	ADP	0	41	12	0	tbm moro em bairro denso mas arborizado e cboa qualidade de vidaa medida que foi densificando o transito aumentou mendigos e assaltos mais frequentes e apagoesagora esta sendo construido predio ao ladoq me tirou a vista e sol da tarde as maravilhas da densificacao
que	PRON	0	41	13	0	tbm moro em bairro denso mas arborizado e cboa qualidade de vidaa medida que foi densificando o transito aumentou mendigos e assaltos mais frequentes e apagoesagora esta sendo construido predio ao ladoq me tirou a vista e sol da tarde as maravilhas da densificacao
foi	AUX	0	41	14	0	tbm moro em bairro denso mas arborizado e cboa qualidade de vidaa medida que foi densificando o transito aumentou mendigos e assaltos mais frequentes e apagoesagora esta sendo construido predio ao ladoq me tirou a vista e sol da tarde as maravilhas da densificacao
densificando	VERB	1	41	15	0	tbm moro em bairro denso mas arborizado e cboa qualidade de vidaa medida que foi densificando o transito aumentou mendigos e assaltos mais frequentes e apagoesagora esta sendo construido predio ao ladoq me tirou a vista e sol da tarde as maravilhas da densificacao
o	DET	0	41	16	0	tbm moro em bairro denso mas arborizado e cboa qualidade de vidaa medida que foi densificando o transito aumentou mendigos e assaltos mais frequentes e apagoesagora esta sendo construido predio ao ladoq me tirou a vista e sol da tarde as maravilhas da densificacao
transito	NOUN	1	41	17	0	tbm moro em bairro denso mas arborizado e cboa qualidade de vidaa medida que foi densificando o transito aumentou mendigos e assaltos mais frequentes e apagoesagora esta sendo construido predio ao ladoq me tirou a vista e sol da tarde as maravilhas da densificacao
aumentou	VERB	0	41	18	0	tbm moro em bairro denso mas arborizado e cboa qualidade de vidaa medida que foi densificando o transito aumentou mendigos e assaltos mais frequentes e apagoesagora esta sendo construido predio ao ladoq me tirou a vista e sol da tarde as maravilhas da densificacao
mendigos	NOUN	1	41	19	0	tbm moro em bairro denso mas arborizado e cboa qualidade de vidaa medida que foi densificando o transito aumentou mendigos e assaltos mais frequentes e apagoesagora esta sendo construido predio ao ladoq me tirou a vista e sol da tarde as maravilhas da densificacao
e	CCONJ	0	41	20	0	tbm moro em bairro denso mas arborizado e cboa qualidade de vidaa medida que foi densificando o transito aumentou mendigos e assaltos mais frequentes e apagoesagora esta sendo construido predio ao ladoq me tirou a vista e sol da tarde as maravilhas da densificacao
assaltos	NOUN	1	41	21	0	tbm moro em bairro denso mas arborizado e cboa qualidade de vidaa medida que foi densificando o transito aumentou mendigos e assaltos mais frequentes e apagoesagora esta sendo construido predio ao ladoq me tirou a vista e sol da tarde as maravilhas da densificacao
mais	ADV	0	41	22	0	tbm moro em bairro denso mas arborizado e cboa qualidade de vidaa medida que foi densificando o transito aumentou mendigos e assaltos mais frequentes e apagoesagora esta sendo construido predio ao ladoq me tirou a vista e sol da tarde as maravilhas da densificacao
frequentes	ADJ	0	41	23	0	tbm moro em bairro denso mas arborizado e cboa qualidade de vidaa medida que foi densificando o transito aumentou mendigos e assaltos mais frequentes e apagoesagora esta sendo construido predio ao ladoq me tirou a vista e sol da tarde as maravilhas da densificacao
e	CCONJ	0	41	24	0	tbm moro em bairro denso mas arborizado e cboa qualidade de vidaa medida que foi densificando o transito aumentou mendigos e assaltos mais frequentes e apagoesagora esta sendo construido predio ao ladoq me tirou a vista e sol da tarde as maravilhas da densificacao
apagoesagora	NOUN	1	41	25	0	tbm moro em bairro denso mas arborizado e cboa qualidade de vidaa medida que foi densificando o transito aumentou mendigos e assaltos mais frequentes e apagoesagora esta sendo construido predio ao ladoq me tirou a vista e sol da tarde as maravilhas da densificacao
esta	PRON	0	41	26	0	tbm moro em bairro denso mas arborizado e cboa qualidade de vidaa medida que foi densificando o transito aumentou mendigos e assaltos mais frequentes e apagoesagora esta sendo construido predio ao ladoq me tirou a vista e sol da tarde as maravilhas da densificacao
sendo	AUX	0	41	27	0	tbm moro em bairro denso mas arborizado e cboa qualidade de vidaa medida que foi densificando o transito aumentou mendigos e assaltos mais frequentes e apagoesagora esta sendo construido predio ao ladoq me tirou a vista e sol da tarde as maravilhas da densificacao
construido	VERB	1	41	28	0	tbm moro em bairro denso mas arborizado e cboa qualidade de vidaa medida que foi densificando o transito aumentou mendigos e assaltos mais frequentes e apagoesagora esta sendo construido predio ao ladoq me tirou a vista e sol da tarde as maravilhas da densificacao
predio	NOUN	1	41	29	0	tbm moro em bairro denso mas arborizado e cboa qualidade de vidaa medida que foi densificando o transito aumentou mendigos e assaltos mais frequentes e apagoesagora esta sendo construido predio ao ladoq me tirou a vista e sol da tarde as maravilhas da densificacao
ao	ADP	0	41	30	0	tbm moro em bairro denso mas arborizado e cboa qualidade de vidaa medida que foi densificando o transito aumentou mendigos e assaltos mais frequentes e apagoesagora esta sendo construido predio ao ladoq me tirou a vista e sol da tarde as maravilhas da densificacao
ladoq	PROPN	1	41	31	0	tbm moro em bairro denso mas arborizado e cboa qualidade de vidaa medida que foi densificando o transito aumentou mendigos e assaltos mais frequentes e apagoesagora esta sendo construido predio ao ladoq me tirou a vista e sol da tarde as maravilhas da densificacao
me	PRON	0	41	32	0	tbm moro em bairro denso mas arborizado e cboa qualidade de vidaa medida que foi densificando o transito aumentou mendigos e assaltos mais frequentes e apagoesagora esta sendo construido predio ao ladoq me tirou a vista e sol da tarde as maravilhas da densificacao
tirou	VERB	0	41	33	0	tbm moro em bairro denso mas arborizado e cboa qualidade de vidaa medida que foi densificando o transito aumentou mendigos e assaltos mais frequentes e apagoesagora esta sendo construido predio ao ladoq me tirou a vista e sol da tarde as maravilhas da densificacao
a	DET	0	41	34	0	tbm moro em bairro denso mas arborizado e cboa qualidade de vidaa medida que foi densificando o transito aumentou mendigos e assaltos mais frequentes e apagoesagora esta sendo construido predio ao ladoq me tirou a vista e sol da tarde as maravilhas da densificacao
vista	NOUN	0	41	35	0	tbm moro em bairro denso mas arborizado e cboa qualidade de vidaa medida que foi densificando o transito aumentou mendigos e assaltos mais frequentes e apagoesagora esta sendo construido predio ao ladoq me tirou a vista e sol da tarde as maravilhas da densificacao
e	CCONJ	0	41	36	0	tbm moro em bairro denso mas arborizado e cboa qualidade de vidaa medida que foi densificando o transito aumentou mendigos e assaltos mais frequentes e apagoesagora esta sendo construido predio ao ladoq me tirou a vista e sol da tarde as maravilhas da densificacao
sol	NOUN	0	41	37	0	tbm moro em bairro denso mas arborizado e cboa qualidade de vidaa medida que foi densificando o transito aumentou mendigos e assaltos mais frequentes e apagoesagora esta sendo construido predio ao ladoq me tirou a vista e sol da tarde as maravilhas da densificacao
da	ADP	0	41	38	0	tbm moro em bairro denso mas arborizado e cboa qualidade de vidaa medida que foi densificando o transito aumentou mendigos e assaltos mais frequentes e apagoesagora esta sendo construido predio ao ladoq me tirou a vista e sol da tarde as maravilhas da densificacao
tarde	NOUN	0	41	39	0	tbm moro em bairro denso mas arborizado e cboa qualidade de vidaa medida que foi densificando o transito aumentou mendigos e assaltos mais frequentes e apagoesagora esta sendo construido predio ao ladoq me tirou a vista e sol da tarde as maravilhas da densificacao
as	DET	0	41	40	0	tbm moro em bairro denso mas arborizado e cboa qualidade de vidaa medida que foi densificando o transito aumentou mendigos e assaltos mais frequentes e apagoesagora esta sendo construido predio ao ladoq me tirou a vista e sol da tarde as maravilhas da densificacao
maravilhas	NOUN	1	41	41	0	tbm moro em bairro denso mas arborizado e cboa qualidade de vidaa medida que foi densificando o transito aumentou mendigos e assaltos mais frequentes e apagoesagora esta sendo construido predio ao ladoq me tirou a vista e sol da tarde as maravilhas da densificacao
da	ADP	0	41	42	0	tbm moro em bairro denso mas arborizado e cboa qualidade de vidaa medida que foi densificando o transito aumentou mendigos e assaltos mais frequentes e apagoesagora esta sendo construido predio ao ladoq me tirou a vista e sol da tarde as maravilhas da densificacao
densificacao	NOUN	1	41	43	0	tbm moro em bairro denso mas arborizado e cboa qualidade de vidaa medida que foi densificando o transito aumentou mendigos e assaltos mais frequentes e apagoesagora esta sendo construido predio ao ladoq me tirou a vista e sol da tarde as maravilhas da densificacao
40	['PROPN', 'VERB', 'ADP', 'NOUN', 'ADJ', 'CCONJ', 'VERB', 'CCONJ', 'NOUN', 'NOUN', 'ADP', 'NOUN', 'ADP', 'PRON', 'AUX', 'VERB', 'DET', 'NOUN', 'VERB', 'NOUN', 'CCONJ', 'NOUN', 'ADV', 'ADJ', 'CCONJ', 'NOUN', 'PRON', 'AUX', 'VERB', 'NOUN', 'ADP', 'PROPN', 'PRON', 'VERB', 'DET', 'NOUN', 'CCONJ', 'NOUN', 'ADP', 'NOUN', 'DET', 'NOUN', 'ADP', 'NOUN']	[1, 1, 0, 0, 1, 0, 1, 0, 1, 0, 0, 1, 0, 0, 0, 1, 0, 1, 0, 1, 0, 1, 0, 0, 0, 1, 0, 0, 1, 1, 0, 1, 0, 0, 0, 0, 0, 0, 0, 0, 0, 1, 0, 1]	41	40	1	tbm moro em bairro denso mas arborizado e cboa qualidade de vidaa medida que foi densificando o transito aumentou mendigos e assaltos mais frequentes e apagoesagora esta sendo construido predio ao ladoq me tirou a vista e sol da tarde as maravilhas da densificacao
policia	NOUN	1	42	0	0	policia prende acusado de cometer assaltos em marechal deodoro o homem de 22 anos e acusado de cometer varios assaltos na cidade de marechal deodoro e foi preso nesta tercafeira 28 proximo a praca da faculdade em maceio br104
prende	VERB	1	42	1	0	policia prende acusado de cometer assaltos em marechal deodoro o homem de 22 anos e acusado de cometer varios assaltos na cidade de marechal deodoro e foi preso nesta tercafeira 28 proximo a praca da faculdade em maceio br104
acusado	VERB	0	42	2	0	policia prende acusado de cometer assaltos em marechal deodoro o homem de 22 anos e acusado de cometer varios assaltos na cidade de marechal deodoro e foi preso nesta tercafeira 28 proximo a praca da faculdade em maceio br104
de	SCONJ	0	42	3	0	policia prende acusado de cometer assaltos em marechal deodoro o homem de 22 anos e acusado de cometer varios assaltos na cidade de marechal deodoro e foi preso nesta tercafeira 28 proximo a praca da faculdade em maceio br104
cometer	VERB	0	42	4	0	policia prende acusado de cometer assaltos em marechal deodoro o homem de 22 anos e acusado de cometer varios assaltos na cidade de marechal deodoro e foi preso nesta tercafeira 28 proximo a praca da faculdade em maceio br104
assaltos	NOUN	1	42	5	0	policia prende acusado de cometer assaltos em marechal deodoro o homem de 22 anos e acusado de cometer varios assaltos na cidade de marechal deodoro e foi preso nesta tercafeira 28 proximo a praca da faculdade em maceio br104
em	ADP	0	42	6	0	policia prende acusado de cometer assaltos em marechal deodoro o homem de 22 anos e acusado de cometer varios assaltos na cidade de marechal deodoro e foi preso nesta tercafeira 28 proximo a praca da faculdade em maceio br104
marechal	NOUN	0	42	7	0	policia prende acusado de cometer assaltos em marechal deodoro o homem de 22 anos e acusado de cometer varios assaltos na cidade de marechal deodoro e foi preso nesta tercafeira 28 proximo a praca da faculdade em maceio br104
deodoro	ADJ	1	42	8	0	policia prende acusado de cometer assaltos em marechal deodoro o homem de 22 anos e acusado de cometer varios assaltos na cidade de marechal deodoro e foi preso nesta tercafeira 28 proximo a praca da faculdade em maceio br104
o	DET	0	42	9	0	policia prende acusado de cometer assaltos em marechal deodoro o homem de 22 anos e acusado de cometer varios assaltos na cidade de marechal deodoro e foi preso nesta tercafeira 28 proximo a praca da faculdade em maceio br104
homem	NOUN	0	42	10	0	policia prende acusado de cometer assaltos em marechal deodoro o homem de 22 anos e acusado de cometer varios assaltos na cidade de marechal deodoro e foi preso nesta tercafeira 28 proximo a praca da faculdade em maceio br104
de	ADP	0	42	11	0	policia prende acusado de cometer assaltos em marechal deodoro o homem de 22 anos e acusado de cometer varios assaltos na cidade de marechal deodoro e foi preso nesta tercafeira 28 proximo a praca da faculdade em maceio br104
22	NUM	0	42	12	0	policia prende acusado de cometer assaltos em marechal deodoro o homem de 22 anos e acusado de cometer varios assaltos na cidade de marechal deodoro e foi preso nesta tercafeira 28 proximo a praca da faculdade em maceio br104
anos	NOUN	0	42	13	0	policia prende acusado de cometer assaltos em marechal deodoro o homem de 22 anos e acusado de cometer varios assaltos na cidade de marechal deodoro e foi preso nesta tercafeira 28 proximo a praca da faculdade em maceio br104
e	CCONJ	0	42	14	0	policia prende acusado de cometer assaltos em marechal deodoro o homem de 22 anos e acusado de cometer varios assaltos na cidade de marechal deodoro e foi preso nesta tercafeira 28 proximo a praca da faculdade em maceio br104
acusado	VERB	0	42	15	0	policia prende acusado de cometer assaltos em marechal deodoro o homem de 22 anos e acusado de cometer varios assaltos na cidade de marechal deodoro e foi preso nesta tercafeira 28 proximo a praca da faculdade em maceio br104
de	SCONJ	0	42	16	0	policia prende acusado de cometer assaltos em marechal deodoro o homem de 22 anos e acusado de cometer varios assaltos na cidade de marechal deodoro e foi preso nesta tercafeira 28 proximo a praca da faculdade em maceio br104
cometer	VERB	0	42	17	0	policia prende acusado de cometer assaltos em marechal deodoro o homem de 22 anos e acusado de cometer varios assaltos na cidade de marechal deodoro e foi preso nesta tercafeira 28 proximo a praca da faculdade em maceio br104
varios	ADJ	1	42	18	0	policia prende acusado de cometer assaltos em marechal deodoro o homem de 22 anos e acusado de cometer varios assaltos na cidade de marechal deodoro e foi preso nesta tercafeira 28 proximo a praca da faculdade em maceio br104
assaltos	NOUN	1	42	19	0	policia prende acusado de cometer assaltos em marechal deodoro o homem de 22 anos e acusado de cometer varios assaltos na cidade de marechal deodoro e foi preso nesta tercafeira 28 proximo a praca da faculdade em maceio br104
na	ADP	0	42	20	0	policia prende acusado de cometer assaltos em marechal deodoro o homem de 22 anos e acusado de cometer varios assaltos na cidade de marechal deodoro e foi preso nesta tercafeira 28 proximo a praca da faculdade em maceio br104
cidade	NOUN	0	42	21	0	policia prende acusado de cometer assaltos em marechal deodoro o homem de 22 anos e acusado de cometer varios assaltos na cidade de marechal deodoro e foi preso nesta tercafeira 28 proximo a praca da faculdade em maceio br104
de	ADP	0	42	22	0	policia prende acusado de cometer assaltos em marechal deodoro o homem de 22 anos e acusado de cometer varios assaltos na cidade de marechal deodoro e foi preso nesta tercafeira 28 proximo a praca da faculdade em maceio br104
marechal	NOUN	0	42	23	0	policia prende acusado de cometer assaltos em marechal deodoro o homem de 22 anos e acusado de cometer varios assaltos na cidade de marechal deodoro e foi preso nesta tercafeira 28 proximo a praca da faculdade em maceio br104
deodoro	ADJ	1	42	24	0	policia prende acusado de cometer assaltos em marechal deodoro o homem de 22 anos e acusado de cometer varios assaltos na cidade de marechal deodoro e foi preso nesta tercafeira 28 proximo a praca da faculdade em maceio br104
e	CCONJ	0	42	25	0	policia prende acusado de cometer assaltos em marechal deodoro o homem de 22 anos e acusado de cometer varios assaltos na cidade de marechal deodoro e foi preso nesta tercafeira 28 proximo a praca da faculdade em maceio br104
foi	AUX	0	42	26	0	policia prende acusado de cometer assaltos em marechal deodoro o homem de 22 anos e acusado de cometer varios assaltos na cidade de marechal deodoro e foi preso nesta tercafeira 28 proximo a praca da faculdade em maceio br104
preso	VERB	0	42	27	0	policia prende acusado de cometer assaltos em marechal deodoro o homem de 22 anos e acusado de cometer varios assaltos na cidade de marechal deodoro e foi preso nesta tercafeira 28 proximo a praca da faculdade em maceio br104
nesta	ADP	0	42	28	0	policia prende acusado de cometer assaltos em marechal deodoro o homem de 22 anos e acusado de cometer varios assaltos na cidade de marechal deodoro e foi preso nesta tercafeira 28 proximo a praca da faculdade em maceio br104
tercafeira	PROPN	1	42	29	0	policia prende acusado de cometer assaltos em marechal deodoro o homem de 22 anos e acusado de cometer varios assaltos na cidade de marechal deodoro e foi preso nesta tercafeira 28 proximo a praca da faculdade em maceio br104
28	NUM	0	42	30	0	policia prende acusado de cometer assaltos em marechal deodoro o homem de 22 anos e acusado de cometer varios assaltos na cidade de marechal deodoro e foi preso nesta tercafeira 28 proximo a praca da faculdade em maceio br104
proximo	ADJ	1	42	31	0	policia prende acusado de cometer assaltos em marechal deodoro o homem de 22 anos e acusado de cometer varios assaltos na cidade de marechal deodoro e foi preso nesta tercafeira 28 proximo a praca da faculdade em maceio br104
a	DET	0	42	32	0	policia prende acusado de cometer assaltos em marechal deodoro o homem de 22 anos e acusado de cometer varios assaltos na cidade de marechal deodoro e foi preso nesta tercafeira 28 proximo a praca da faculdade em maceio br104
praca	NOUN	1	42	33	0	policia prende acusado de cometer assaltos em marechal deodoro o homem de 22 anos e acusado de cometer varios assaltos na cidade de marechal deodoro e foi preso nesta tercafeira 28 proximo a praca da faculdade em maceio br104
da	ADP	0	42	34	0	policia prende acusado de cometer assaltos em marechal deodoro o homem de 22 anos e acusado de cometer varios assaltos na cidade de marechal deodoro e foi preso nesta tercafeira 28 proximo a praca da faculdade em maceio br104
faculdade	NOUN	0	42	35	0	policia prende acusado de cometer assaltos em marechal deodoro o homem de 22 anos e acusado de cometer varios assaltos na cidade de marechal deodoro e foi preso nesta tercafeira 28 proximo a praca da faculdade em maceio br104
em	ADP	0	42	36	0	policia prende acusado de cometer assaltos em marechal deodoro o homem de 22 anos e acusado de cometer varios assaltos na cidade de marechal deodoro e foi preso nesta tercafeira 28 proximo a praca da faculdade em maceio br104
maceio	PROPN	1	42	37	0	policia prende acusado de cometer assaltos em marechal deodoro o homem de 22 anos e acusado de cometer varios assaltos na cidade de marechal deodoro e foi preso nesta tercafeira 28 proximo a praca da faculdade em maceio br104
br104	PROPN	1	42	38	0	policia prende acusado de cometer assaltos em marechal deodoro o homem de 22 anos e acusado de cometer varios assaltos na cidade de marechal deodoro e foi preso nesta tercafeira 28 proximo a praca da faculdade em maceio br104
41	['NOUN', 'VERB', 'VERB', 'SCONJ', 'VERB', 'NOUN', 'ADP', 'NOUN', 'ADJ', 'DET', 'NOUN', 'ADP', 'NUM', 'NOUN', 'CCONJ', 'VERB', 'SCONJ', 'VERB', 'ADJ', 'NOUN', 'ADP', 'NOUN', 'ADP', 'NOUN', 'ADJ', 'CCONJ', 'AUX', 'VERB', 'ADP', 'PROPN', 'NUM', 'ADJ', 'DET', 'NOUN', 'ADP', 'NOUN', 'ADP', 'PROPN', 'PROPN']	[1, 1, 0, 0, 0, 1, 0, 0, 1, 0, 0, 0, 0, 0, 0, 0, 0, 0, 1, 1, 0, 0, 0, 0, 1, 0, 0, 0, 0, 1, 0, 1, 0, 1, 0, 0, 0, 1, 1]	42	41	1	policia prende acusado de cometer assaltos em marechal deodoro o homem de 22 anos e acusado de cometer varios assaltos na cidade de marechal deodoro e foi preso nesta tercafeira 28 proximo a praca da faculdade em maceio br104
policia	NOUN	1	43	0	0	policia civil efetua prisao de homem de 42 anos morador do bairro liberdade em portao foragido por furto qualificado e roubo majorado dpportao
civil	ADJ	0	43	1	0	policia civil efetua prisao de homem de 42 anos morador do bairro liberdade em portao foragido por furto qualificado e roubo majorado dpportao
efetua	VERB	1	43	2	0	policia civil efetua prisao de homem de 42 anos morador do bairro liberdade em portao foragido por furto qualificado e roubo majorado dpportao
prisao	NOUN	1	43	3	0	policia civil efetua prisao de homem de 42 anos morador do bairro liberdade em portao foragido por furto qualificado e roubo majorado dpportao
de	ADP	0	43	4	0	policia civil efetua prisao de homem de 42 anos morador do bairro liberdade em portao foragido por furto qualificado e roubo majorado dpportao
homem	NOUN	0	43	5	0	policia civil efetua prisao de homem de 42 anos morador do bairro liberdade em portao foragido por furto qualificado e roubo majorado dpportao
de	ADP	0	43	6	0	policia civil efetua prisao de homem de 42 anos morador do bairro liberdade em portao foragido por furto qualificado e roubo majorado dpportao
42	NUM	0	43	7	0	policia civil efetua prisao de homem de 42 anos morador do bairro liberdade em portao foragido por furto qualificado e roubo majorado dpportao
anos	NOUN	0	43	8	0	policia civil efetua prisao de homem de 42 anos morador do bairro liberdade em portao foragido por furto qualificado e roubo majorado dpportao
morador	ADJ	1	43	9	0	policia civil efetua prisao de homem de 42 anos morador do bairro liberdade em portao foragido por furto qualificado e roubo majorado dpportao
do	ADP	0	43	10	0	policia civil efetua prisao de homem de 42 anos morador do bairro liberdade em portao foragido por furto qualificado e roubo majorado dpportao
bairro	NOUN	0	43	11	0	policia civil efetua prisao de homem de 42 anos morador do bairro liberdade em portao foragido por furto qualificado e roubo majorado dpportao
liberdade	NOUN	0	43	12	0	policia civil efetua prisao de homem de 42 anos morador do bairro liberdade em portao foragido por furto qualificado e roubo majorado dpportao
em	ADP	0	43	13	0	policia civil efetua prisao de homem de 42 anos morador do bairro liberdade em portao foragido por furto qualificado e roubo majorado dpportao
portao	NOUN	1	43	14	0	policia civil efetua prisao de homem de 42 anos morador do bairro liberdade em portao foragido por furto qualificado e roubo majorado dpportao
foragido	ADJ	1	43	15	0	policia civil efetua prisao de homem de 42 anos morador do bairro liberdade em portao foragido por furto qualificado e roubo majorado dpportao
por	ADP	0	43	16	0	policia civil efetua prisao de homem de 42 anos morador do bairro liberdade em portao foragido por furto qualificado e roubo majorado dpportao
furto	NOUN	1	43	17	0	policia civil efetua prisao de homem de 42 anos morador do bairro liberdade em portao foragido por furto qualificado e roubo majorado dpportao
qualificado	ADJ	1	43	18	0	policia civil efetua prisao de homem de 42 anos morador do bairro liberdade em portao foragido por furto qualificado e roubo majorado dpportao
e	CCONJ	0	43	19	0	policia civil efetua prisao de homem de 42 anos morador do bairro liberdade em portao foragido por furto qualificado e roubo majorado dpportao
roubo	NOUN	0	43	20	0	policia civil efetua prisao de homem de 42 anos morador do bairro liberdade em portao foragido por furto qualificado e roubo majorado dpportao
majorado	VERB	1	43	21	0	policia civil efetua prisao de homem de 42 anos morador do bairro liberdade em portao foragido por furto qualificado e roubo majorado dpportao
dpportao	VERB	1	43	22	0	policia civil efetua prisao de homem de 42 anos morador do bairro liberdade em portao foragido por furto qualificado e roubo majorado dpportao
42	['NOUN', 'ADJ', 'VERB', 'NOUN', 'ADP', 'NOUN', 'ADP', 'NUM', 'NOUN', 'ADJ', 'ADP', 'NOUN', 'NOUN', 'ADP', 'NOUN', 'ADJ', 'ADP', 'NOUN', 'ADJ', 'CCONJ', 'NOUN', 'VERB', 'VERB']	[1, 0, 1, 1, 0, 0, 0, 0, 0, 1, 0, 0, 0, 0, 1, 1, 0, 1, 1, 0, 0, 1, 1]	43	42	1	policia civil efetua prisao de homem de 42 anos morador do bairro liberdade em portao foragido por furto qualificado e roubo majorado dpportao
maior	ADJ	0	44	0	0	maior esquema de roubo de terrenos patrocinado pelo pt na prefeitura o local servia de area verde para o bairro e drenagem de agua das chuvas depois destas casas feitas passou a encher de agua as casas vizinhas com as enxurradas enfia a erundina no seu toba
esquema	NOUN	0	44	1	0	maior esquema de roubo de terrenos patrocinado pelo pt na prefeitura o local servia de area verde para o bairro e drenagem de agua das chuvas depois destas casas feitas passou a encher de agua as casas vizinhas com as enxurradas enfia a erundina no seu toba
de	ADP	0	44	2	0	maior esquema de roubo de terrenos patrocinado pelo pt na prefeitura o local servia de area verde para o bairro e drenagem de agua das chuvas depois destas casas feitas passou a encher de agua as casas vizinhas com as enxurradas enfia a erundina no seu toba
roubo	NOUN	0	44	3	0	maior esquema de roubo de terrenos patrocinado pelo pt na prefeitura o local servia de area verde para o bairro e drenagem de agua das chuvas depois destas casas feitas passou a encher de agua as casas vizinhas com as enxurradas enfia a erundina no seu toba
de	ADP	0	44	4	0	maior esquema de roubo de terrenos patrocinado pelo pt na prefeitura o local servia de area verde para o bairro e drenagem de agua das chuvas depois destas casas feitas passou a encher de agua as casas vizinhas com as enxurradas enfia a erundina no seu toba
terrenos	NOUN	0	44	5	0	maior esquema de roubo de terrenos patrocinado pelo pt na prefeitura o local servia de area verde para o bairro e drenagem de agua das chuvas depois destas casas feitas passou a encher de agua as casas vizinhas com as enxurradas enfia a erundina no seu toba
patrocinado	VERB	0	44	6	0	maior esquema de roubo de terrenos patrocinado pelo pt na prefeitura o local servia de area verde para o bairro e drenagem de agua das chuvas depois destas casas feitas passou a encher de agua as casas vizinhas com as enxurradas enfia a erundina no seu toba
pelo	ADP	0	44	7	0	maior esquema de roubo de terrenos patrocinado pelo pt na prefeitura o local servia de area verde para o bairro e drenagem de agua das chuvas depois destas casas feitas passou a encher de agua as casas vizinhas com as enxurradas enfia a erundina no seu toba
pt	PROPN	1	44	8	0	maior esquema de roubo de terrenos patrocinado pelo pt na prefeitura o local servia de area verde para o bairro e drenagem de agua das chuvas depois destas casas feitas passou a encher de agua as casas vizinhas com as enxurradas enfia a erundina no seu toba
na	ADP	0	44	9	0	maior esquema de roubo de terrenos patrocinado pelo pt na prefeitura o local servia de area verde para o bairro e drenagem de agua das chuvas depois destas casas feitas passou a encher de agua as casas vizinhas com as enxurradas enfia a erundina no seu toba
prefeitura	NOUN	0	44	10	0	maior esquema de roubo de terrenos patrocinado pelo pt na prefeitura o local servia de area verde para o bairro e drenagem de agua das chuvas depois destas casas feitas passou a encher de agua as casas vizinhas com as enxurradas enfia a erundina no seu toba
o	DET	0	44	11	0	maior esquema de roubo de terrenos patrocinado pelo pt na prefeitura o local servia de area verde para o bairro e drenagem de agua das chuvas depois destas casas feitas passou a encher de agua as casas vizinhas com as enxurradas enfia a erundina no seu toba
local	NOUN	0	44	12	0	maior esquema de roubo de terrenos patrocinado pelo pt na prefeitura o local servia de area verde para o bairro e drenagem de agua das chuvas depois destas casas feitas passou a encher de agua as casas vizinhas com as enxurradas enfia a erundina no seu toba
servia	VERB	0	44	13	0	maior esquema de roubo de terrenos patrocinado pelo pt na prefeitura o local servia de area verde para o bairro e drenagem de agua das chuvas depois destas casas feitas passou a encher de agua as casas vizinhas com as enxurradas enfia a erundina no seu toba
de	ADP	0	44	14	0	maior esquema de roubo de terrenos patrocinado pelo pt na prefeitura o local servia de area verde para o bairro e drenagem de agua das chuvas depois destas casas feitas passou a encher de agua as casas vizinhas com as enxurradas enfia a erundina no seu toba
area	NOUN	1	44	15	0	maior esquema de roubo de terrenos patrocinado pelo pt na prefeitura o local servia de area verde para o bairro e drenagem de agua das chuvas depois destas casas feitas passou a encher de agua as casas vizinhas com as enxurradas enfia a erundina no seu toba
verde	ADJ	0	44	16	0	maior esquema de roubo de terrenos patrocinado pelo pt na prefeitura o local servia de area verde para o bairro e drenagem de agua das chuvas depois destas casas feitas passou a encher de agua as casas vizinhas com as enxurradas enfia a erundina no seu toba
para	ADP	0	44	17	0	maior esquema de roubo de terrenos patrocinado pelo pt na prefeitura o local servia de area verde para o bairro e drenagem de agua das chuvas depois destas casas feitas passou a encher de agua as casas vizinhas com as enxurradas enfia a erundina no seu toba
o	DET	0	44	18	0	maior esquema de roubo de terrenos patrocinado pelo pt na prefeitura o local servia de area verde para o bairro e drenagem de agua das chuvas depois destas casas feitas passou a encher de agua as casas vizinhas com as enxurradas enfia a erundina no seu toba
bairro	NOUN	0	44	19	0	maior esquema de roubo de terrenos patrocinado pelo pt na prefeitura o local servia de area verde para o bairro e drenagem de agua das chuvas depois destas casas feitas passou a encher de agua as casas vizinhas com as enxurradas enfia a erundina no seu toba
e	CCONJ	0	44	20	0	maior esquema de roubo de terrenos patrocinado pelo pt na prefeitura o local servia de area verde para o bairro e drenagem de agua das chuvas depois destas casas feitas passou a encher de agua as casas vizinhas com as enxurradas enfia a erundina no seu toba
drenagem	NOUN	1	44	21	0	maior esquema de roubo de terrenos patrocinado pelo pt na prefeitura o local servia de area verde para o bairro e drenagem de agua das chuvas depois destas casas feitas passou a encher de agua as casas vizinhas com as enxurradas enfia a erundina no seu toba
de	ADP	0	44	22	0	maior esquema de roubo de terrenos patrocinado pelo pt na prefeitura o local servia de area verde para o bairro e drenagem de agua das chuvas depois destas casas feitas passou a encher de agua as casas vizinhas com as enxurradas enfia a erundina no seu toba
agua	NOUN	1	44	23	0	maior esquema de roubo de terrenos patrocinado pelo pt na prefeitura o local servia de area verde para o bairro e drenagem de agua das chuvas depois destas casas feitas passou a encher de agua as casas vizinhas com as enxurradas enfia a erundina no seu toba
das	ADP	0	44	24	0	maior esquema de roubo de terrenos patrocinado pelo pt na prefeitura o local servia de area verde para o bairro e drenagem de agua das chuvas depois destas casas feitas passou a encher de agua as casas vizinhas com as enxurradas enfia a erundina no seu toba
chuvas	NOUN	0	44	25	0	maior esquema de roubo de terrenos patrocinado pelo pt na prefeitura o local servia de area verde para o bairro e drenagem de agua das chuvas depois destas casas feitas passou a encher de agua as casas vizinhas com as enxurradas enfia a erundina no seu toba
depois	ADV	0	44	26	0	maior esquema de roubo de terrenos patrocinado pelo pt na prefeitura o local servia de area verde para o bairro e drenagem de agua das chuvas depois destas casas feitas passou a encher de agua as casas vizinhas com as enxurradas enfia a erundina no seu toba
destas	ADP	0	44	27	0	maior esquema de roubo de terrenos patrocinado pelo pt na prefeitura o local servia de area verde para o bairro e drenagem de agua das chuvas depois destas casas feitas passou a encher de agua as casas vizinhas com as enxurradas enfia a erundina no seu toba
casas	NOUN	0	44	28	0	maior esquema de roubo de terrenos patrocinado pelo pt na prefeitura o local servia de area verde para o bairro e drenagem de agua das chuvas depois destas casas feitas passou a encher de agua as casas vizinhas com as enxurradas enfia a erundina no seu toba
feitas	VERB	0	44	29	0	maior esquema de roubo de terrenos patrocinado pelo pt na prefeitura o local servia de area verde para o bairro e drenagem de agua das chuvas depois destas casas feitas passou a encher de agua as casas vizinhas com as enxurradas enfia a erundina no seu toba
passou	VERB	0	44	30	0	maior esquema de roubo de terrenos patrocinado pelo pt na prefeitura o local servia de area verde para o bairro e drenagem de agua das chuvas depois destas casas feitas passou a encher de agua as casas vizinhas com as enxurradas enfia a erundina no seu toba
a	SCONJ	0	44	31	0	maior esquema de roubo de terrenos patrocinado pelo pt na prefeitura o local servia de area verde para o bairro e drenagem de agua das chuvas depois destas casas feitas passou a encher de agua as casas vizinhas com as enxurradas enfia a erundina no seu toba
encher	VERB	1	44	32	0	maior esquema de roubo de terrenos patrocinado pelo pt na prefeitura o local servia de area verde para o bairro e drenagem de agua das chuvas depois destas casas feitas passou a encher de agua as casas vizinhas com as enxurradas enfia a erundina no seu toba
de	ADP	0	44	33	0	maior esquema de roubo de terrenos patrocinado pelo pt na prefeitura o local servia de area verde para o bairro e drenagem de agua das chuvas depois destas casas feitas passou a encher de agua as casas vizinhas com as enxurradas enfia a erundina no seu toba
agua	NOUN	1	44	34	0	maior esquema de roubo de terrenos patrocinado pelo pt na prefeitura o local servia de area verde para o bairro e drenagem de agua das chuvas depois destas casas feitas passou a encher de agua as casas vizinhas com as enxurradas enfia a erundina no seu toba
as	DET	0	44	35	0	maior esquema de roubo de terrenos patrocinado pelo pt na prefeitura o local servia de area verde para o bairro e drenagem de agua das chuvas depois destas casas feitas passou a encher de agua as casas vizinhas com as enxurradas enfia a erundina no seu toba
casas	NOUN	0	44	36	0	maior esquema de roubo de terrenos patrocinado pelo pt na prefeitura o local servia de area verde para o bairro e drenagem de agua das chuvas depois destas casas feitas passou a encher de agua as casas vizinhas com as enxurradas enfia a erundina no seu toba
vizinhas	ADJ	0	44	37	0	maior esquema de roubo de terrenos patrocinado pelo pt na prefeitura o local servia de area verde para o bairro e drenagem de agua das chuvas depois destas casas feitas passou a encher de agua as casas vizinhas com as enxurradas enfia a erundina no seu toba
com	ADP	0	44	38	0	maior esquema de roubo de terrenos patrocinado pelo pt na prefeitura o local servia de area verde para o bairro e drenagem de agua das chuvas depois destas casas feitas passou a encher de agua as casas vizinhas com as enxurradas enfia a erundina no seu toba
as	DET	0	44	39	0	maior esquema de roubo de terrenos patrocinado pelo pt na prefeitura o local servia de area verde para o bairro e drenagem de agua das chuvas depois destas casas feitas passou a encher de agua as casas vizinhas com as enxurradas enfia a erundina no seu toba
enxurradas	NOUN	1	44	40	0	maior esquema de roubo de terrenos patrocinado pelo pt na prefeitura o local servia de area verde para o bairro e drenagem de agua das chuvas depois destas casas feitas passou a encher de agua as casas vizinhas com as enxurradas enfia a erundina no seu toba
enfia	VERB	1	44	41	0	maior esquema de roubo de terrenos patrocinado pelo pt na prefeitura o local servia de area verde para o bairro e drenagem de agua das chuvas depois destas casas feitas passou a encher de agua as casas vizinhas com as enxurradas enfia a erundina no seu toba
a	DET	0	44	42	0	maior esquema de roubo de terrenos patrocinado pelo pt na prefeitura o local servia de area verde para o bairro e drenagem de agua das chuvas depois destas casas feitas passou a encher de agua as casas vizinhas com as enxurradas enfia a erundina no seu toba
erundina	NOUN	1	44	43	0	maior esquema de roubo de terrenos patrocinado pelo pt na prefeitura o local servia de area verde para o bairro e drenagem de agua das chuvas depois destas casas feitas passou a encher de agua as casas vizinhas com as enxurradas enfia a erundina no seu toba
no	ADP	0	44	44	0	maior esquema de roubo de terrenos patrocinado pelo pt na prefeitura o local servia de area verde para o bairro e drenagem de agua das chuvas depois destas casas feitas passou a encher de agua as casas vizinhas com as enxurradas enfia a erundina no seu toba
seu	DET	0	44	45	0	maior esquema de roubo de terrenos patrocinado pelo pt na prefeitura o local servia de area verde para o bairro e drenagem de agua das chuvas depois destas casas feitas passou a encher de agua as casas vizinhas com as enxurradas enfia a erundina no seu toba
toba	NOUN	1	44	46	0	maior esquema de roubo de terrenos patrocinado pelo pt na prefeitura o local servia de area verde para o bairro e drenagem de agua das chuvas depois destas casas feitas passou a encher de agua as casas vizinhas com as enxurradas enfia a erundina no seu toba
43	['ADJ', 'NOUN', 'ADP', 'NOUN', 'ADP', 'NOUN', 'VERB', 'ADP', 'PROPN', 'ADP', 'NOUN', 'DET', 'NOUN', 'VERB', 'ADP', 'NOUN', 'ADJ', 'ADP', 'DET', 'NOUN', 'CCONJ', 'NOUN', 'ADP', 'NOUN', 'ADP', 'NOUN', 'ADV', 'ADP', 'NOUN', 'VERB', 'VERB', 'SCONJ', 'VERB', 'ADP', 'NOUN', 'DET', 'NOUN', 'ADJ', 'ADP', 'DET', 'NOUN', 'VERB', 'DET', 'NOUN', 'ADP', 'DET', 'NOUN']	[0, 0, 0, 0, 0, 0, 0, 0, 1, 0, 0, 0, 0, 0, 0, 1, 0, 0, 0, 0, 0, 1, 0, 1, 0, 0, 0, 0, 0, 0, 0, 0, 1, 0, 1, 0, 0, 0, 0, 0, 1, 1, 0, 1, 0, 0, 1]	44	43	1	maior esquema de roubo de terrenos patrocinado pelo pt na prefeitura o local servia de area verde para o bairro e drenagem de agua das chuvas depois destas casas feitas passou a encher de agua as casas vizinhas com as enxurradas enfia a erundina no seu toba
cerca	ADV	0	45	0	0	cerca de 350 caminhoneiros participaram nesta segunda 15 de uma carreata na avenida brasil contra o roubo de cargas leia a materia completa
de	ADP	0	45	1	0	cerca de 350 caminhoneiros participaram nesta segunda 15 de uma carreata na avenida brasil contra o roubo de cargas leia a materia completa
350	NUM	0	45	2	0	cerca de 350 caminhoneiros participaram nesta segunda 15 de uma carreata na avenida brasil contra o roubo de cargas leia a materia completa
caminhoneiros	NOUN	1	45	3	0	cerca de 350 caminhoneiros participaram nesta segunda 15 de uma carreata na avenida brasil contra o roubo de cargas leia a materia completa
participaram	VERB	0	45	4	0	cerca de 350 caminhoneiros participaram nesta segunda 15 de uma carreata na avenida brasil contra o roubo de cargas leia a materia completa
nesta	ADP	0	45	5	0	cerca de 350 caminhoneiros participaram nesta segunda 15 de uma carreata na avenida brasil contra o roubo de cargas leia a materia completa
segunda	ADJ	0	45	6	0	cerca de 350 caminhoneiros participaram nesta segunda 15 de uma carreata na avenida brasil contra o roubo de cargas leia a materia completa
15	NUM	0	45	7	0	cerca de 350 caminhoneiros participaram nesta segunda 15 de uma carreata na avenida brasil contra o roubo de cargas leia a materia completa
de	ADP	0	45	8	0	cerca de 350 caminhoneiros participaram nesta segunda 15 de uma carreata na avenida brasil contra o roubo de cargas leia a materia completa
uma	DET	0	45	9	0	cerca de 350 caminhoneiros participaram nesta segunda 15 de uma carreata na avenida brasil contra o roubo de cargas leia a materia completa
carreata	NOUN	1	45	10	0	cerca de 350 caminhoneiros participaram nesta segunda 15 de uma carreata na avenida brasil contra o roubo de cargas leia a materia completa
na	ADP	0	45	11	0	cerca de 350 caminhoneiros participaram nesta segunda 15 de uma carreata na avenida brasil contra o roubo de cargas leia a materia completa
avenida	PROPN	0	45	12	0	cerca de 350 caminhoneiros participaram nesta segunda 15 de uma carreata na avenida brasil contra o roubo de cargas leia a materia completa
brasil	PROPN	1	45	13	0	cerca de 350 caminhoneiros participaram nesta segunda 15 de uma carreata na avenida brasil contra o roubo de cargas leia a materia completa
contra	ADP	0	45	14	0	cerca de 350 caminhoneiros participaram nesta segunda 15 de uma carreata na avenida brasil contra o roubo de cargas leia a materia completa
o	DET	0	45	15	0	cerca de 350 caminhoneiros participaram nesta segunda 15 de uma carreata na avenida brasil contra o roubo de cargas leia a materia completa
roubo	NOUN	0	45	16	0	cerca de 350 caminhoneiros participaram nesta segunda 15 de uma carreata na avenida brasil contra o roubo de cargas leia a materia completa
de	ADP	0	45	17	0	cerca de 350 caminhoneiros participaram nesta segunda 15 de uma carreata na avenida brasil contra o roubo de cargas leia a materia completa
cargas	NOUN	0	45	18	0	cerca de 350 caminhoneiros participaram nesta segunda 15 de uma carreata na avenida brasil contra o roubo de cargas leia a materia completa
leia	VERB	1	45	19	0	cerca de 350 caminhoneiros participaram nesta segunda 15 de uma carreata na avenida brasil contra o roubo de cargas leia a materia completa
a	DET	0	45	20	0	cerca de 350 caminhoneiros participaram nesta segunda 15 de uma carreata na avenida brasil contra o roubo de cargas leia a materia completa
materia	NOUN	1	45	21	0	cerca de 350 caminhoneiros participaram nesta segunda 15 de uma carreata na avenida brasil contra o roubo de cargas leia a materia completa
completa	ADJ	0	45	22	0	cerca de 350 caminhoneiros participaram nesta segunda 15 de uma carreata na avenida brasil contra o roubo de cargas leia a materia completa
44	['ADV', 'ADP', 'NUM', 'NOUN', 'VERB', 'ADP', 'ADJ', 'NUM', 'ADP', 'DET', 'NOUN', 'ADP', 'PROPN', 'PROPN', 'ADP', 'DET', 'NOUN', 'ADP', 'NOUN', 'VERB', 'DET', 'NOUN', 'ADJ']	[0, 0, 0, 1, 0, 0, 0, 0, 0, 0, 1, 0, 0, 1, 0, 0, 0, 0, 0, 1, 0, 1, 0]	45	44	1	cerca de 350 caminhoneiros participaram nesta segunda 15 de uma carreata na avenida brasil contra o roubo de cargas leia a materia completa
quando	ADV	0	46	0	0	quando da dor da conceicao rua luiz oliveira 157 bairro conceicao a eva foi assediada por uma especie da sua criacao e usando suas palavras a mais astuta de todas alimariase sabido ilustrissimo que esse animal tem o poder de hipnotizar as suas presas para depois dar o bote
da	ADP	0	46	1	0	quando da dor da conceicao rua luiz oliveira 157 bairro conceicao a eva foi assediada por uma especie da sua criacao e usando suas palavras a mais astuta de todas alimariase sabido ilustrissimo que esse animal tem o poder de hipnotizar as suas presas para depois dar o bote
dor	NOUN	0	46	2	0	quando da dor da conceicao rua luiz oliveira 157 bairro conceicao a eva foi assediada por uma especie da sua criacao e usando suas palavras a mais astuta de todas alimariase sabido ilustrissimo que esse animal tem o poder de hipnotizar as suas presas para depois dar o bote
da	ADP	0	46	3	0	quando da dor da conceicao rua luiz oliveira 157 bairro conceicao a eva foi assediada por uma especie da sua criacao e usando suas palavras a mais astuta de todas alimariase sabido ilustrissimo que esse animal tem o poder de hipnotizar as suas presas para depois dar o bote
conceicao	NOUN	1	46	4	0	quando da dor da conceicao rua luiz oliveira 157 bairro conceicao a eva foi assediada por uma especie da sua criacao e usando suas palavras a mais astuta de todas alimariase sabido ilustrissimo que esse animal tem o poder de hipnotizar as suas presas para depois dar o bote
rua	PROPN	0	46	5	0	quando da dor da conceicao rua luiz oliveira 157 bairro conceicao a eva foi assediada por uma especie da sua criacao e usando suas palavras a mais astuta de todas alimariase sabido ilustrissimo que esse animal tem o poder de hipnotizar as suas presas para depois dar o bote
luiz	PROPN	1	46	6	0	quando da dor da conceicao rua luiz oliveira 157 bairro conceicao a eva foi assediada por uma especie da sua criacao e usando suas palavras a mais astuta de todas alimariase sabido ilustrissimo que esse animal tem o poder de hipnotizar as suas presas para depois dar o bote
oliveira	PROPN	1	46	7	0	quando da dor da conceicao rua luiz oliveira 157 bairro conceicao a eva foi assediada por uma especie da sua criacao e usando suas palavras a mais astuta de todas alimariase sabido ilustrissimo que esse animal tem o poder de hipnotizar as suas presas para depois dar o bote
157	PROPN	0	46	8	0	quando da dor da conceicao rua luiz oliveira 157 bairro conceicao a eva foi assediada por uma especie da sua criacao e usando suas palavras a mais astuta de todas alimariase sabido ilustrissimo que esse animal tem o poder de hipnotizar as suas presas para depois dar o bote
bairro	NOUN	0	46	9	0	quando da dor da conceicao rua luiz oliveira 157 bairro conceicao a eva foi assediada por uma especie da sua criacao e usando suas palavras a mais astuta de todas alimariase sabido ilustrissimo que esse animal tem o poder de hipnotizar as suas presas para depois dar o bote
conceicao	VERB	1	46	10	0	quando da dor da conceicao rua luiz oliveira 157 bairro conceicao a eva foi assediada por uma especie da sua criacao e usando suas palavras a mais astuta de todas alimariase sabido ilustrissimo que esse animal tem o poder de hipnotizar as suas presas para depois dar o bote
a	ADP	0	46	11	0	quando da dor da conceicao rua luiz oliveira 157 bairro conceicao a eva foi assediada por uma especie da sua criacao e usando suas palavras a mais astuta de todas alimariase sabido ilustrissimo que esse animal tem o poder de hipnotizar as suas presas para depois dar o bote
eva	NOUN	0	46	12	0	quando da dor da conceicao rua luiz oliveira 157 bairro conceicao a eva foi assediada por uma especie da sua criacao e usando suas palavras a mais astuta de todas alimariase sabido ilustrissimo que esse animal tem o poder de hipnotizar as suas presas para depois dar o bote
foi	AUX	0	46	13	0	quando da dor da conceicao rua luiz oliveira 157 bairro conceicao a eva foi assediada por uma especie da sua criacao e usando suas palavras a mais astuta de todas alimariase sabido ilustrissimo que esse animal tem o poder de hipnotizar as suas presas para depois dar o bote
assediada	VERB	1	46	14	0	quando da dor da conceicao rua luiz oliveira 157 bairro conceicao a eva foi assediada por uma especie da sua criacao e usando suas palavras a mais astuta de todas alimariase sabido ilustrissimo que esse animal tem o poder de hipnotizar as suas presas para depois dar o bote
por	ADP	0	46	15	0	quando da dor da conceicao rua luiz oliveira 157 bairro conceicao a eva foi assediada por uma especie da sua criacao e usando suas palavras a mais astuta de todas alimariase sabido ilustrissimo que esse animal tem o poder de hipnotizar as suas presas para depois dar o bote
uma	DET	0	46	16	0	quando da dor da conceicao rua luiz oliveira 157 bairro conceicao a eva foi assediada por uma especie da sua criacao e usando suas palavras a mais astuta de todas alimariase sabido ilustrissimo que esse animal tem o poder de hipnotizar as suas presas para depois dar o bote
especie	NOUN	1	46	17	0	quando da dor da conceicao rua luiz oliveira 157 bairro conceicao a eva foi assediada por uma especie da sua criacao e usando suas palavras a mais astuta de todas alimariase sabido ilustrissimo que esse animal tem o poder de hipnotizar as suas presas para depois dar o bote
da	ADP	0	46	18	0	quando da dor da conceicao rua luiz oliveira 157 bairro conceicao a eva foi assediada por uma especie da sua criacao e usando suas palavras a mais astuta de todas alimariase sabido ilustrissimo que esse animal tem o poder de hipnotizar as suas presas para depois dar o bote
sua	DET	0	46	19	0	quando da dor da conceicao rua luiz oliveira 157 bairro conceicao a eva foi assediada por uma especie da sua criacao e usando suas palavras a mais astuta de todas alimariase sabido ilustrissimo que esse animal tem o poder de hipnotizar as suas presas para depois dar o bote
criacao	NOUN	1	46	20	0	quando da dor da conceicao rua luiz oliveira 157 bairro conceicao a eva foi assediada por uma especie da sua criacao e usando suas palavras a mais astuta de todas alimariase sabido ilustrissimo que esse animal tem o poder de hipnotizar as suas presas para depois dar o bote
e	CCONJ	0	46	21	0	quando da dor da conceicao rua luiz oliveira 157 bairro conceicao a eva foi assediada por uma especie da sua criacao e usando suas palavras a mais astuta de todas alimariase sabido ilustrissimo que esse animal tem o poder de hipnotizar as suas presas para depois dar o bote
usando	VERB	0	46	22	0	quando da dor da conceicao rua luiz oliveira 157 bairro conceicao a eva foi assediada por uma especie da sua criacao e usando suas palavras a mais astuta de todas alimariase sabido ilustrissimo que esse animal tem o poder de hipnotizar as suas presas para depois dar o bote
suas	DET	0	46	23	0	quando da dor da conceicao rua luiz oliveira 157 bairro conceicao a eva foi assediada por uma especie da sua criacao e usando suas palavras a mais astuta de todas alimariase sabido ilustrissimo que esse animal tem o poder de hipnotizar as suas presas para depois dar o bote
palavras	NOUN	0	46	24	0	quando da dor da conceicao rua luiz oliveira 157 bairro conceicao a eva foi assediada por uma especie da sua criacao e usando suas palavras a mais astuta de todas alimariase sabido ilustrissimo que esse animal tem o poder de hipnotizar as suas presas para depois dar o bote
a	ADP	0	46	25	0	quando da dor da conceicao rua luiz oliveira 157 bairro conceicao a eva foi assediada por uma especie da sua criacao e usando suas palavras a mais astuta de todas alimariase sabido ilustrissimo que esse animal tem o poder de hipnotizar as suas presas para depois dar o bote
mais	ADV	0	46	26	0	quando da dor da conceicao rua luiz oliveira 157 bairro conceicao a eva foi assediada por uma especie da sua criacao e usando suas palavras a mais astuta de todas alimariase sabido ilustrissimo que esse animal tem o poder de hipnotizar as suas presas para depois dar o bote
astuta	ADJ	1	46	27	0	quando da dor da conceicao rua luiz oliveira 157 bairro conceicao a eva foi assediada por uma especie da sua criacao e usando suas palavras a mais astuta de todas alimariase sabido ilustrissimo que esse animal tem o poder de hipnotizar as suas presas para depois dar o bote
de	ADP	0	46	28	0	quando da dor da conceicao rua luiz oliveira 157 bairro conceicao a eva foi assediada por uma especie da sua criacao e usando suas palavras a mais astuta de todas alimariase sabido ilustrissimo que esse animal tem o poder de hipnotizar as suas presas para depois dar o bote
todas	DET	0	46	29	0	quando da dor da conceicao rua luiz oliveira 157 bairro conceicao a eva foi assediada por uma especie da sua criacao e usando suas palavras a mais astuta de todas alimariase sabido ilustrissimo que esse animal tem o poder de hipnotizar as suas presas para depois dar o bote
alimariase	NOUN	1	46	30	0	quando da dor da conceicao rua luiz oliveira 157 bairro conceicao a eva foi assediada por uma especie da sua criacao e usando suas palavras a mais astuta de todas alimariase sabido ilustrissimo que esse animal tem o poder de hipnotizar as suas presas para depois dar o bote
sabido	VERB	1	46	31	0	quando da dor da conceicao rua luiz oliveira 157 bairro conceicao a eva foi assediada por uma especie da sua criacao e usando suas palavras a mais astuta de todas alimariase sabido ilustrissimo que esse animal tem o poder de hipnotizar as suas presas para depois dar o bote
ilustrissimo	NOUN	1	46	32	0	quando da dor da conceicao rua luiz oliveira 157 bairro conceicao a eva foi assediada por uma especie da sua criacao e usando suas palavras a mais astuta de todas alimariase sabido ilustrissimo que esse animal tem o poder de hipnotizar as suas presas para depois dar o bote
que	PRON	0	46	33	0	quando da dor da conceicao rua luiz oliveira 157 bairro conceicao a eva foi assediada por uma especie da sua criacao e usando suas palavras a mais astuta de todas alimariase sabido ilustrissimo que esse animal tem o poder de hipnotizar as suas presas para depois dar o bote
esse	DET	0	46	34	0	quando da dor da conceicao rua luiz oliveira 157 bairro conceicao a eva foi assediada por uma especie da sua criacao e usando suas palavras a mais astuta de todas alimariase sabido ilustrissimo que esse animal tem o poder de hipnotizar as suas presas para depois dar o bote
animal	NOUN	0	46	35	0	quando da dor da conceicao rua luiz oliveira 157 bairro conceicao a eva foi assediada por uma especie da sua criacao e usando suas palavras a mais astuta de todas alimariase sabido ilustrissimo que esse animal tem o poder de hipnotizar as suas presas para depois dar o bote
tem	VERB	0	46	36	0	quando da dor da conceicao rua luiz oliveira 157 bairro conceicao a eva foi assediada por uma especie da sua criacao e usando suas palavras a mais astuta de todas alimariase sabido ilustrissimo que esse animal tem o poder de hipnotizar as suas presas para depois dar o bote
o	DET	0	46	37	0	quando da dor da conceicao rua luiz oliveira 157 bairro conceicao a eva foi assediada por uma especie da sua criacao e usando suas palavras a mais astuta de todas alimariase sabido ilustrissimo que esse animal tem o poder de hipnotizar as suas presas para depois dar o bote
poder	NOUN	0	46	38	0	quando da dor da conceicao rua luiz oliveira 157 bairro conceicao a eva foi assediada por uma especie da sua criacao e usando suas palavras a mais astuta de todas alimariase sabido ilustrissimo que esse animal tem o poder de hipnotizar as suas presas para depois dar o bote
de	SCONJ	0	46	39	0	quando da dor da conceicao rua luiz oliveira 157 bairro conceicao a eva foi assediada por uma especie da sua criacao e usando suas palavras a mais astuta de todas alimariase sabido ilustrissimo que esse animal tem o poder de hipnotizar as suas presas para depois dar o bote
hipnotizar	VERB	1	46	40	0	quando da dor da conceicao rua luiz oliveira 157 bairro conceicao a eva foi assediada por uma especie da sua criacao e usando suas palavras a mais astuta de todas alimariase sabido ilustrissimo que esse animal tem o poder de hipnotizar as suas presas para depois dar o bote
as	DET	0	46	41	0	quando da dor da conceicao rua luiz oliveira 157 bairro conceicao a eva foi assediada por uma especie da sua criacao e usando suas palavras a mais astuta de todas alimariase sabido ilustrissimo que esse animal tem o poder de hipnotizar as suas presas para depois dar o bote
suas	DET	0	46	42	0	quando da dor da conceicao rua luiz oliveira 157 bairro conceicao a eva foi assediada por uma especie da sua criacao e usando suas palavras a mais astuta de todas alimariase sabido ilustrissimo que esse animal tem o poder de hipnotizar as suas presas para depois dar o bote
presas	NOUN	0	46	43	0	quando da dor da conceicao rua luiz oliveira 157 bairro conceicao a eva foi assediada por uma especie da sua criacao e usando suas palavras a mais astuta de todas alimariase sabido ilustrissimo que esse animal tem o poder de hipnotizar as suas presas para depois dar o bote
para	SCONJ	0	46	44	0	quando da dor da conceicao rua luiz oliveira 157 bairro conceicao a eva foi assediada por uma especie da sua criacao e usando suas palavras a mais astuta de todas alimariase sabido ilustrissimo que esse animal tem o poder de hipnotizar as suas presas para depois dar o bote
depois	ADV	0	46	45	0	quando da dor da conceicao rua luiz oliveira 157 bairro conceicao a eva foi assediada por uma especie da sua criacao e usando suas palavras a mais astuta de todas alimariase sabido ilustrissimo que esse animal tem o poder de hipnotizar as suas presas para depois dar o bote
dar	VERB	0	46	46	0	quando da dor da conceicao rua luiz oliveira 157 bairro conceicao a eva foi assediada por uma especie da sua criacao e usando suas palavras a mais astuta de todas alimariase sabido ilustrissimo que esse animal tem o poder de hipnotizar as suas presas para depois dar o bote
o	DET	0	46	47	0	quando da dor da conceicao rua luiz oliveira 157 bairro conceicao a eva foi assediada por uma especie da sua criacao e usando suas palavras a mais astuta de todas alimariase sabido ilustrissimo que esse animal tem o poder de hipnotizar as suas presas para depois dar o bote
bote	NOUN	1	46	48	0	quando da dor da conceicao rua luiz oliveira 157 bairro conceicao a eva foi assediada por uma especie da sua criacao e usando suas palavras a mais astuta de todas alimariase sabido ilustrissimo que esse animal tem o poder de hipnotizar as suas presas para depois dar o bote
45	['ADV', 'ADP', 'NOUN', 'ADP', 'NOUN', 'PROPN', 'PROPN', 'PROPN', 'PROPN', 'NOUN', 'VERB', 'ADP', 'NOUN', 'AUX', 'VERB', 'ADP', 'DET', 'NOUN', 'ADP', 'DET', 'NOUN', 'CCONJ', 'VERB', 'DET', 'NOUN', 'ADP', 'ADV', 'ADJ', 'ADP', 'DET', 'NOUN', 'VERB', 'NOUN', 'PRON', 'DET', 'NOUN', 'VERB', 'DET', 'NOUN', 'SCONJ', 'VERB', 'DET', 'DET', 'NOUN', 'SCONJ', 'ADV', 'VERB', 'DET', 'NOUN']	[0, 0, 0, 0, 1, 0, 1, 1, 0, 0, 1, 0, 0, 0, 1, 0, 0, 1, 0, 0, 1, 0, 0, 0, 0, 0, 0, 1, 0, 0, 1, 1, 1, 0, 0, 0, 0, 0, 0, 0, 1, 0, 0, 0, 0, 0, 0, 0, 1]	46	45	1	quando da dor da conceicao rua luiz oliveira 157 bairro conceicao a eva foi assediada por uma especie da sua criacao e usando suas palavras a mais astuta de todas alimariase sabido ilustrissimo que esse animal tem o poder de hipnotizar as suas presas para depois dar o bote
reporter	NOUN	1	47	0	0	reporter da tv globo sofre tentativa de assalto ao vivo situacao aconteceu na avenida paulista em sao paulo durante o programa encontro saopaulo assalto tvglobo encontro patriciapoeta saiba mais redetvuolcombrtvfamablo
da	ADP	0	47	1	0	reporter da tv globo sofre tentativa de assalto ao vivo situacao aconteceu na avenida paulista em sao paulo durante o programa encontro saopaulo assalto tvglobo encontro patriciapoeta saiba mais redetvuolcombrtvfamablo
tv	PROPN	1	47	2	0	reporter da tv globo sofre tentativa de assalto ao vivo situacao aconteceu na avenida paulista em sao paulo durante o programa encontro saopaulo assalto tvglobo encontro patriciapoeta saiba mais redetvuolcombrtvfamablo
globo	PROPN	0	47	3	0	reporter da tv globo sofre tentativa de assalto ao vivo situacao aconteceu na avenida paulista em sao paulo durante o programa encontro saopaulo assalto tvglobo encontro patriciapoeta saiba mais redetvuolcombrtvfamablo
sofre	VERB	0	47	4	0	reporter da tv globo sofre tentativa de assalto ao vivo situacao aconteceu na avenida paulista em sao paulo durante o programa encontro saopaulo assalto tvglobo encontro patriciapoeta saiba mais redetvuolcombrtvfamablo
tentativa	NOUN	0	47	5	0	reporter da tv globo sofre tentativa de assalto ao vivo situacao aconteceu na avenida paulista em sao paulo durante o programa encontro saopaulo assalto tvglobo encontro patriciapoeta saiba mais redetvuolcombrtvfamablo
de	ADP	0	47	6	0	reporter da tv globo sofre tentativa de assalto ao vivo situacao aconteceu na avenida paulista em sao paulo durante o programa encontro saopaulo assalto tvglobo encontro patriciapoeta saiba mais redetvuolcombrtvfamablo
assalto	NOUN	0	47	7	0	reporter da tv globo sofre tentativa de assalto ao vivo situacao aconteceu na avenida paulista em sao paulo durante o programa encontro saopaulo assalto tvglobo encontro patriciapoeta saiba mais redetvuolcombrtvfamablo
ao	ADP	0	47	8	0	reporter da tv globo sofre tentativa de assalto ao vivo situacao aconteceu na avenida paulista em sao paulo durante o programa encontro saopaulo assalto tvglobo encontro patriciapoeta saiba mais redetvuolcombrtvfamablo
vivo	ADJ	0	47	9	0	reporter da tv globo sofre tentativa de assalto ao vivo situacao aconteceu na avenida paulista em sao paulo durante o programa encontro saopaulo assalto tvglobo encontro patriciapoeta saiba mais redetvuolcombrtvfamablo
situacao	NOUN	1	47	10	0	reporter da tv globo sofre tentativa de assalto ao vivo situacao aconteceu na avenida paulista em sao paulo durante o programa encontro saopaulo assalto tvglobo encontro patriciapoeta saiba mais redetvuolcombrtvfamablo
aconteceu	VERB	0	47	11	0	reporter da tv globo sofre tentativa de assalto ao vivo situacao aconteceu na avenida paulista em sao paulo durante o programa encontro saopaulo assalto tvglobo encontro patriciapoeta saiba mais redetvuolcombrtvfamablo
na	ADP	0	47	12	0	reporter da tv globo sofre tentativa de assalto ao vivo situacao aconteceu na avenida paulista em sao paulo durante o programa encontro saopaulo assalto tvglobo encontro patriciapoeta saiba mais redetvuolcombrtvfamablo
avenida	NOUN	0	47	13	0	reporter da tv globo sofre tentativa de assalto ao vivo situacao aconteceu na avenida paulista em sao paulo durante o programa encontro saopaulo assalto tvglobo encontro patriciapoeta saiba mais redetvuolcombrtvfamablo
paulista	ADJ	0	47	14	0	reporter da tv globo sofre tentativa de assalto ao vivo situacao aconteceu na avenida paulista em sao paulo durante o programa encontro saopaulo assalto tvglobo encontro patriciapoeta saiba mais redetvuolcombrtvfamablo
em	ADP	0	47	15	0	reporter da tv globo sofre tentativa de assalto ao vivo situacao aconteceu na avenida paulista em sao paulo durante o programa encontro saopaulo assalto tvglobo encontro patriciapoeta saiba mais redetvuolcombrtvfamablo
sao	PROPN	1	47	16	0	reporter da tv globo sofre tentativa de assalto ao vivo situacao aconteceu na avenida paulista em sao paulo durante o programa encontro saopaulo assalto tvglobo encontro patriciapoeta saiba mais redetvuolcombrtvfamablo
paulo	PROPN	1	47	17	0	reporter da tv globo sofre tentativa de assalto ao vivo situacao aconteceu na avenida paulista em sao paulo durante o programa encontro saopaulo assalto tvglobo encontro patriciapoeta saiba mais redetvuolcombrtvfamablo
durante	ADP	0	47	18	0	reporter da tv globo sofre tentativa de assalto ao vivo situacao aconteceu na avenida paulista em sao paulo durante o programa encontro saopaulo assalto tvglobo encontro patriciapoeta saiba mais redetvuolcombrtvfamablo
o	DET	0	47	19	0	reporter da tv globo sofre tentativa de assalto ao vivo situacao aconteceu na avenida paulista em sao paulo durante o programa encontro saopaulo assalto tvglobo encontro patriciapoeta saiba mais redetvuolcombrtvfamablo
programa	NOUN	0	47	20	0	reporter da tv globo sofre tentativa de assalto ao vivo situacao aconteceu na avenida paulista em sao paulo durante o programa encontro saopaulo assalto tvglobo encontro patriciapoeta saiba mais redetvuolcombrtvfamablo
encontro	NOUN	0	47	21	0	reporter da tv globo sofre tentativa de assalto ao vivo situacao aconteceu na avenida paulista em sao paulo durante o programa encontro saopaulo assalto tvglobo encontro patriciapoeta saiba mais redetvuolcombrtvfamablo
saopaulo	ADJ	1	47	22	0	reporter da tv globo sofre tentativa de assalto ao vivo situacao aconteceu na avenida paulista em sao paulo durante o programa encontro saopaulo assalto tvglobo encontro patriciapoeta saiba mais redetvuolcombrtvfamablo
assalto	NOUN	0	47	23	0	reporter da tv globo sofre tentativa de assalto ao vivo situacao aconteceu na avenida paulista em sao paulo durante o programa encontro saopaulo assalto tvglobo encontro patriciapoeta saiba mais redetvuolcombrtvfamablo
tvglobo	ADJ	1	47	24	0	reporter da tv globo sofre tentativa de assalto ao vivo situacao aconteceu na avenida paulista em sao paulo durante o programa encontro saopaulo assalto tvglobo encontro patriciapoeta saiba mais redetvuolcombrtvfamablo
encontro	NOUN	0	47	25	0	reporter da tv globo sofre tentativa de assalto ao vivo situacao aconteceu na avenida paulista em sao paulo durante o programa encontro saopaulo assalto tvglobo encontro patriciapoeta saiba mais redetvuolcombrtvfamablo
patriciapoeta	ADJ	1	47	26	0	reporter da tv globo sofre tentativa de assalto ao vivo situacao aconteceu na avenida paulista em sao paulo durante o programa encontro saopaulo assalto tvglobo encontro patriciapoeta saiba mais redetvuolcombrtvfamablo
saiba	VERB	1	47	27	0	reporter da tv globo sofre tentativa de assalto ao vivo situacao aconteceu na avenida paulista em sao paulo durante o programa encontro saopaulo assalto tvglobo encontro patriciapoeta saiba mais redetvuolcombrtvfamablo
mais	ADV	0	47	28	0	reporter da tv globo sofre tentativa de assalto ao vivo situacao aconteceu na avenida paulista em sao paulo durante o programa encontro saopaulo assalto tvglobo encontro patriciapoeta saiba mais redetvuolcombrtvfamablo
redetvuolcombrtvfamablo	NOUN	1	47	29	0	reporter da tv globo sofre tentativa de assalto ao vivo situacao aconteceu na avenida paulista em sao paulo durante o programa encontro saopaulo assalto tvglobo encontro patriciapoeta saiba mais redetvuolcombrtvfamablo
46	['NOUN', 'ADP', 'PROPN', 'PROPN', 'VERB', 'NOUN', 'ADP', 'NOUN', 'ADP', 'ADJ', 'NOUN', 'VERB', 'ADP', 'NOUN', 'ADJ', 'ADP', 'PROPN', 'PROPN', 'ADP', 'DET', 'NOUN', 'NOUN', 'ADJ', 'NOUN', 'ADJ', 'NOUN', 'ADJ', 'VERB', 'ADV', 'NOUN']	[1, 0, 1, 0, 0, 0, 0, 0, 0, 0, 1, 0, 0, 0, 0, 0, 1, 1, 0, 0, 0, 0, 1, 0, 1, 0, 1, 1, 0, 1]	47	46	1	reporter da tv globo sofre tentativa de assalto ao vivo situacao aconteceu na avenida paulista em sao paulo durante o programa encontro saopaulo assalto tvglobo encontro patriciapoeta saiba mais redetvuolcombrtvfamablo
outro	DET	0	48	0	0	outro dia vi um verme maconhado roubado uma idosa na rua e agredindo a pobre mulher aposto q era petista
dia	NOUN	0	48	1	0	outro dia vi um verme maconhado roubado uma idosa na rua e agredindo a pobre mulher aposto q era petista
vi	VERB	0	48	2	0	outro dia vi um verme maconhado roubado uma idosa na rua e agredindo a pobre mulher aposto q era petista
um	DET	0	48	3	0	outro dia vi um verme maconhado roubado uma idosa na rua e agredindo a pobre mulher aposto q era petista
verme	NOUN	1	48	4	0	outro dia vi um verme maconhado roubado uma idosa na rua e agredindo a pobre mulher aposto q era petista
maconhado	VERB	1	48	5	0	outro dia vi um verme maconhado roubado uma idosa na rua e agredindo a pobre mulher aposto q era petista
roubado	VERB	0	48	6	0	outro dia vi um verme maconhado roubado uma idosa na rua e agredindo a pobre mulher aposto q era petista
uma	DET	0	48	7	0	outro dia vi um verme maconhado roubado uma idosa na rua e agredindo a pobre mulher aposto q era petista
idosa	NOUN	1	48	8	0	outro dia vi um verme maconhado roubado uma idosa na rua e agredindo a pobre mulher aposto q era petista
na	ADP	0	48	9	0	outro dia vi um verme maconhado roubado uma idosa na rua e agredindo a pobre mulher aposto q era petista
rua	NOUN	0	48	10	0	outro dia vi um verme maconhado roubado uma idosa na rua e agredindo a pobre mulher aposto q era petista
e	CCONJ	0	48	11	0	outro dia vi um verme maconhado roubado uma idosa na rua e agredindo a pobre mulher aposto q era petista
agredindo	VERB	1	48	12	0	outro dia vi um verme maconhado roubado uma idosa na rua e agredindo a pobre mulher aposto q era petista
a	DET	0	48	13	0	outro dia vi um verme maconhado roubado uma idosa na rua e agredindo a pobre mulher aposto q era petista
pobre	ADJ	0	48	14	0	outro dia vi um verme maconhado roubado uma idosa na rua e agredindo a pobre mulher aposto q era petista
mulher	NOUN	0	48	15	0	outro dia vi um verme maconhado roubado uma idosa na rua e agredindo a pobre mulher aposto q era petista
aposto	VERB	1	48	16	0	outro dia vi um verme maconhado roubado uma idosa na rua e agredindo a pobre mulher aposto q era petista
q	PRON	0	48	17	0	outro dia vi um verme maconhado roubado uma idosa na rua e agredindo a pobre mulher aposto q era petista
era	AUX	0	48	18	0	outro dia vi um verme maconhado roubado uma idosa na rua e agredindo a pobre mulher aposto q era petista
petista	ADJ	1	48	19	0	outro dia vi um verme maconhado roubado uma idosa na rua e agredindo a pobre mulher aposto q era petista
47	['DET', 'NOUN', 'VERB', 'DET', 'NOUN', 'VERB', 'VERB', 'DET', 'NOUN', 'ADP', 'NOUN', 'CCONJ', 'VERB', 'DET', 'ADJ', 'NOUN', 'VERB', 'PRON', 'AUX', 'ADJ']	[0, 0, 0, 0, 1, 1, 0, 0, 1, 0, 0, 0, 1, 0, 0, 0, 1, 0, 0, 1]	48	47	1	outro dia vi um verme maconhado roubado uma idosa na rua e agredindo a pobre mulher aposto q era petista
eu	PRON	0	49	0	0	eu estava o protegendo de provaveis furtos muitos celulares sao roubados na mesa da praca de alimentacao do minas
estava	AUX	0	49	1	0	eu estava o protegendo de provaveis furtos muitos celulares sao roubados na mesa da praca de alimentacao do minas
o	PRON	0	49	2	0	eu estava o protegendo de provaveis furtos muitos celulares sao roubados na mesa da praca de alimentacao do minas
protegendo	VERB	1	49	3	0	eu estava o protegendo de provaveis furtos muitos celulares sao roubados na mesa da praca de alimentacao do minas
de	ADP	0	49	4	0	eu estava o protegendo de provaveis furtos muitos celulares sao roubados na mesa da praca de alimentacao do minas
provaveis	ADJ	1	49	5	0	eu estava o protegendo de provaveis furtos muitos celulares sao roubados na mesa da praca de alimentacao do minas
furtos	NOUN	1	49	6	0	eu estava o protegendo de provaveis furtos muitos celulares sao roubados na mesa da praca de alimentacao do minas
muitos	DET	0	49	7	0	eu estava o protegendo de provaveis furtos muitos celulares sao roubados na mesa da praca de alimentacao do minas
celulares	NOUN	0	49	8	0	eu estava o protegendo de provaveis furtos muitos celulares sao roubados na mesa da praca de alimentacao do minas
sao	AUX	1	49	9	0	eu estava o protegendo de provaveis furtos muitos celulares sao roubados na mesa da praca de alimentacao do minas
roubados	VERB	1	49	10	0	eu estava o protegendo de provaveis furtos muitos celulares sao roubados na mesa da praca de alimentacao do minas
na	ADP	0	49	11	0	eu estava o protegendo de provaveis furtos muitos celulares sao roubados na mesa da praca de alimentacao do minas
mesa	NOUN	0	49	12	0	eu estava o protegendo de provaveis furtos muitos celulares sao roubados na mesa da praca de alimentacao do minas
da	ADP	0	49	13	0	eu estava o protegendo de provaveis furtos muitos celulares sao roubados na mesa da praca de alimentacao do minas
praca	NOUN	1	49	14	0	eu estava o protegendo de provaveis furtos muitos celulares sao roubados na mesa da praca de alimentacao do minas
de	ADP	0	49	15	0	eu estava o protegendo de provaveis furtos muitos celulares sao roubados na mesa da praca de alimentacao do minas
alimentacao	PROPN	1	49	16	0	eu estava o protegendo de provaveis furtos muitos celulares sao roubados na mesa da praca de alimentacao do minas
do	ADP	0	49	17	0	eu estava o protegendo de provaveis furtos muitos celulares sao roubados na mesa da praca de alimentacao do minas
minas	NOUN	0	49	18	0	eu estava o protegendo de provaveis furtos muitos celulares sao roubados na mesa da praca de alimentacao do minas
48	['PRON', 'AUX', 'PRON', 'VERB', 'ADP', 'ADJ', 'NOUN', 'DET', 'NOUN', 'AUX', 'VERB', 'ADP', 'NOUN', 'ADP', 'NOUN', 'ADP', 'PROPN', 'ADP', 'NOUN']	[0, 0, 0, 1, 0, 1, 1, 0, 0, 1, 1, 0, 0, 0, 1, 0, 1, 0, 0]	49	48	1	eu estava o protegendo de provaveis furtos muitos celulares sao roubados na mesa da praca de alimentacao do minas
prejuizo	NOUN	1	50	0	0	prejuizo com furto de fiacao na praca das feiras em caxias e estimado em cerca de r 50 mil
com	ADP	0	50	1	0	prejuizo com furto de fiacao na praca das feiras em caxias e estimado em cerca de r 50 mil
furto	NOUN	1	50	2	0	prejuizo com furto de fiacao na praca das feiras em caxias e estimado em cerca de r 50 mil
de	ADP	0	50	3	0	prejuizo com furto de fiacao na praca das feiras em caxias e estimado em cerca de r 50 mil
fiacao	NOUN	1	50	4	0	prejuizo com furto de fiacao na praca das feiras em caxias e estimado em cerca de r 50 mil
na	ADP	0	50	5	0	prejuizo com furto de fiacao na praca das feiras em caxias e estimado em cerca de r 50 mil
praca	NOUN	1	50	6	0	prejuizo com furto de fiacao na praca das feiras em caxias e estimado em cerca de r 50 mil
das	ADP	0	50	7	0	prejuizo com furto de fiacao na praca das feiras em caxias e estimado em cerca de r 50 mil
feiras	NOUN	0	50	8	0	prejuizo com furto de fiacao na praca das feiras em caxias e estimado em cerca de r 50 mil
em	ADP	0	50	9	0	prejuizo com furto de fiacao na praca das feiras em caxias e estimado em cerca de r 50 mil
caxias	PROPN	1	50	10	0	prejuizo com furto de fiacao na praca das feiras em caxias e estimado em cerca de r 50 mil
e	CCONJ	0	50	11	0	prejuizo com furto de fiacao na praca das feiras em caxias e estimado em cerca de r 50 mil
estimado	VERB	0	50	12	0	prejuizo com furto de fiacao na praca das feiras em caxias e estimado em cerca de r 50 mil
em	ADP	0	50	13	0	prejuizo com furto de fiacao na praca das feiras em caxias e estimado em cerca de r 50 mil
cerca	ADV	0	50	14	0	prejuizo com furto de fiacao na praca das feiras em caxias e estimado em cerca de r 50 mil
de	ADP	0	50	15	0	prejuizo com furto de fiacao na praca das feiras em caxias e estimado em cerca de r 50 mil
r	SYM	0	50	16	0	prejuizo com furto de fiacao na praca das feiras em caxias e estimado em cerca de r 50 mil
50	NUM	0	50	17	0	prejuizo com furto de fiacao na praca das feiras em caxias e estimado em cerca de r 50 mil
mil	NUM	0	50	18	0	prejuizo com furto de fiacao na praca das feiras em caxias e estimado em cerca de r 50 mil
49	['NOUN', 'ADP', 'NOUN', 'ADP', 'NOUN', 'ADP', 'NOUN', 'ADP', 'NOUN', 'ADP', 'PROPN', 'CCONJ', 'VERB', 'ADP', 'ADV', 'ADP', 'SYM', 'NUM', 'NUM']	[1, 0, 1, 0, 1, 0, 1, 0, 0, 0, 1, 0, 0, 0, 0, 0, 0, 0, 0]	50	49	1	prejuizo com furto de fiacao na praca das feiras em caxias e estimado em cerca de r 50 mil
